protein,length,begin,end,l,n,finder,msa,pdbBegin,pdbEnd,byEyeTot,eyeClassification
1abr_B,267,13,263,52,6,TRUST,EPT--VR-IGG-RDGMCVDVYDNGYHNG-NRIIMWKCKDRLEEN-QLWTLKS DKT--IRS----NG-KCLTTY--GYAPG-SYVMIYDCTSA-VAEATYWEIWD NGT--I--INP-KSALVLSAE--SSSMG-GTLTVQT-NEY-LMR-QGWRTGN NTSPFVTSISGYSD-LCMQA------QG-SNVWMADCDSN-KKE-QQWALYT DGS--IRSVQN-TN-NCLTSK--DHKQG-STILLMGCSNG-WAS-QRWVFKN DGS--IYSLYD--D-MVMDVK--GSDPSLKQIILWP-YTG-KPN-QIW----,13,263,1,1
1ac6_A,110,21,74,15,4,TRUST,HCNYSAS-GYPALFW YVQYPGE-G-PQFLF RASRDKEKG-SSRGF EATYNKE-A-TSFHL,21,74,0,5
1b71_A,191,8,140,75,2,HHREPID,-RTEKNILTAFAGESQARNR-YNYFGGQAKKDGFVQISDIFAETADQEREHAKRLFKFLEGGDLEIVAAFPAGII ADTHANLIASAAGEHHEYTEMYPSFARIAREEGYEEIARVFASIAVAEEFHEKRFLDFAR---------------,8,140,1,1
1bda_A,265,194,225,17,2,TRUST,LCAGDTRSGGPQANLHD ACQGD--SGGPLVCLND,181,204,0,2
1bik_A,147,26,134,56,2,HHREPID,CQLGYSAGPCMGMTSRYFYNGTSMACETFQYGGCMGNGNNFVTEKECLQTCRTVAA CNLPIVRGPCRAFIQLWAFDAVKGKCVLFPYGGCQGNGNKFYSEKECREYCGV---,26,134,1,9
1blf_A,689,6,689,365,2,TRUST,VRWCTISQPEWFKCRRWQWRMKKLGAPSITCVRRAFALECIRAIAEKKADAVTLDGGMVFEAGRDPYKLRPVAAEIY-GTKES-------PQTHYYAVAVVKKGS-NFQLDQLQGRKSCHTGLGRSAGWIIPMGILRPYLSWTESLEPLQGAVAKFFSASCVPCIDRQAYPNLCQLCKG--EGENQCACSSREPYFGYSGAFKCLQDGAGDVAFVKETTVFENL-PEK-AD------RDQYELLCLNNSRAPVDAFKECHLAQVPSHAVVARSVDGKEDLIWKLLSKAQEKFGKN-KS--RSFQLFGSPPGQRDLLFKDSALGFLRIPSKVDSALYLGSRYLTTLKNLRE--TAE--EVKARYTR VVWCAVGPEEQKKCQQWS---QQSG-QNVTCATASTTDDCIVLVLKGEADALNLDGGYIYTAGK--CGLVPVLAENRKSSKHSSLDCVLRPTEGYLAVAVVKKANEGLTWNSLKDKKSCHTAVDRTAGWNIPMGLI---VNQTGSC-----AFDEFFSQSCAPGADPKS--RLCALCAGDDQGLDKCVPNSKEKYYGYTGAFRCLAEDVGDVAFVKNDTVWENTNGESTADWAKNLNREDFRLLCLDGTRKPVTEAQSCHLAVAPNHAVVSRS-D-RAAHVKQVLLHQQALFGKNGKNCPDKFCLFKSE--TKNLLFNDNTECLAKLGGRPTYEEYLGTEYVTAIANLKKCSTSPLLEACAFLTR,6,689,1,8
1bod_A,74,5,71,38,2,HHREPID,EELKGIFEKYDKEGDGQLSKEELKLLLQTEFPSLLKGM STLDELFEELDKNGDGEVSFEEFQVLVKK---------,4,72,1,1
1c6v_X,81,17,39,8,3,TRUST,EGRDQ-LW KGPGELLW KGEGAVLL,229,251,0,2
1c89_A,134,2,134,70,2,HHREPID,KASVVANQLIPINTALTLIMMKAEVVTPMGIPAEEIPNLVGMQVNRAVPLGTTLMPDMVKNYEDGTTSPG LKSVVANQLIPINTALTLVMMKAEEVSPKGIPSEEISKLVGMQVNRAVYLDQTLMPDMVKNYE-------,2,134,1,8
1c9b_A,207,18,205,100,2,TRUST,RINLPRNIVDRTNNLFKQVYEQKSLKGRANDAIASACLYIACRQEGVPRTFKEICAVSRISKKEIGRCFKLILKALETSVDLITTGDFMSRFCSN----- -LCLPKQVQMAATHIARKAVELDLVPGRSPISVAAAAIYMASQASAEKRTQKEIGDIAGVADVTIRQSYRLI---YPRAPDLFPT-DF--KFDTPVDKLP,127,314,1,8
1ci6_A,63,22,56,7,5,HHREPID,RAEQEAL TGECKEL EKKNEAL KERADSL AKEIQYL,300,334,1,4
1ck7_A,631,446,627,51,4,HHREPID,--------FDGIAQI--RGEIFFFKDRFIWRTVTPR---DKPMGPLLVAT- FWPELPEKIDAVYEAPQEEKAVFFAGNEYWIYSAST---LERGYPKPLTSL GLPPDVQRVDAAFNWSKNKKTYIFAGDKFWRYNEVKKK-MDPGFPKLIAD- AWNAIPDNLDAVVDLQGGGHSYFFKGAYYLKLENQSLKSVKFGSIKSD---,475,656,1,1
1cz4_A,185,8,175,48,4,TRUST,ILRVAEAN-S---TDPGMSRV-RLDESSRRLLDAEIGDVVEIEKVRKT VGRVYRAR-P---EDENKGIV-RIDSVMRNNCGASIGDKVKVRKVRTE IAKKVTLA-P---------II-RKD--QRLKFGEGIEEYVQRALIRRP MLEQDNISVPGLTLAGQTGLLFKVVKTLPSKVPVEIGEETKIE-IREE,8,175,0,2
1d3u_B,201,8,191,98,2,TRUST,RNLAFALSE----------LDRITAQLKLPRHVEEEAARLYREAVRKGLIRGRSIESVMAACVYAACRLLKVPRTLDEIADIARVDKKEIGRSYRFIA RNL--NLTPKKLFVKPTDYVNKFADELGLSEKVRRRAIEILDEAYKRGLTSGKSPAGLVAAALYIASLLEGEKRTQREVAEVARVTEVTVRNRYKELV,1107,1290,1,8
1d9s_A,136,19,133,35,4,TRUST,AAARGQVETVRQLLE-AGADPNALN-RFGRRPIQV -MMMGSAQVAELLLL-HGAEPNCADPATLTRPVHD AAREGFLDTLV-VLHRAGARLDVCD-AWGRLPVDL AEEQGHRDIAR-YLH-AA-----------------,13,127,1,1
1dce_B,331,18,303,49,6,HHREPID,LLLEKHADYIASYGS-KKDDYEYCMSEYLRMSGVYWGLTVMDLMGQLHR MNKEEILVFIKSCQH-ECGGVSASIGHDPHLLYTLSAVQILTLYDSIHV INVDKVVAYVQSLQK-EDGSFAGDIWGEIDTRFSFCAVATLALLGKLDA INVEKAIEFVLSCMN-FDGGFGCRPGSESHAGQIYCCTGFLAITSQLHQ VNSDLLGWWLCERQL-PSGGLNGRPEKLPDVCYSWWVLASLKIIGRLHW IDREKLRSFILACQDEETGGFADRPGDMVDPFHTLFGIAGLSLLGE---,18,303,1,1
1deb_A,54,13,44,11,3,TRUST,EALKMENSNLR QELE-DNSNHL TKLETEASNMK,14,45,1,4
1dgs_A,667,430,556,34,4,TRUST,KR--FEAIRH-YASRKA--MDIEGLGEKLIERLL EKGLVRDVADLYHLRKEDLLGLERMGEKSAQNLL RQ--IEESKHRGLERLLYALGLPGVGEVLARNLA RR--FGTMDRLLEASLEELIEVEEVGELTARAIL,430,556,0,2
1dh3_A,55,1,40,20,2,TRUST,KREVRLMKNREAARESRRKK KEYVKSLENRVAVLENQNKT,285,324,1,8
1ebt_A,142,48,98,17,3,TRUST,SGAAKGTVKNTPEMAAQ AQSFKGLVSNWVDNLDN AGALEGQCKTFAANHKA,48,98,0,5
1el4_A,195,17,177,51,4,HHREPID,-------RWIKRHKHMFDFLDINGNGKITLDEIVSKASDDICAKLE----- ATPEQTKRHQVCVEAFFRGCGMEYGKEIAFPQFLDGWKQLATSELKKWARN ----EPTLIREWGDAVFDIFDKDGSGTITLDEWKAYGK--------ISGIS -------PSQEDCEATFRHCDLDNSGDLDVDEMTRQHLG------------,17,177,1,1
1elp_A,173,1,170,48,5,HHREPID,-----------------GKITFYEDRGFQGRHYECS-SDHSNLQP--Y --LGRCNSVRVDS----GCWMIYEQPNYLGPQYFLRRGDYPDYQQWMG -LNDSIRSCRLIPHAGSHRLRLYEREDYRGQMIEIT-EDCSSLQDR-- FHFNEIHSLNVLE----GSWVLYELPNYRGRQYLLRPGEYRRYHDWGA -MNAKVGSLRRVI-----------------------------------,1,171,1,12
1exk_A,79,11,76,24,4,HHREPID,LEECDVCHGSGAKPGTQ------- PQTCPTCHGSGQV--QMRQGFFAV QQTCPHCQGRGTL--IK------- -DPCNKCHGHGRV-----------,11,76,0,13
1f5y_A,85,7,85,43,2,HHREPID,RCERNEFQCQ--DGKCISYKWVCDGSAECQDGSDESQETCLSV TCKSGDFSCGGRVNRCIPQFWRCDGQVDCDNGSDEQGC-----,7,85,1,8
1fbr_A,93,2,91,45,2,HHREPID,EKCFDHAAGTSYVVGETWEKPYQGWMMVDCTCLGEGSGRITCTSR NRCNDQDTRTSYRIGDTWSKKDNRGNLLQCICTGNGRGEWKCERH,2,91,1,8
1fcg_A,174,9,171,87,2,TRUST,V----LKLEPPWINVLQE-DSVTLTCQGARSPESDSIQWFHNGNLIP-THTQPSYRF-KANNNDSGEYTC--QTGQTSLSD-PVHLT VLFEWLVLQTPHLE-FQEGETIMLRCHSWKDKPLVKVTFFQNGKSQKFSHLDPTFSIPQANHSHSGDYHCTGNIGYTLFSSKPVTIT,9,171,1,8
1fdn_A,55,1,41,21,2,TRUST,YVIN-EACISCGACEPECPVN YVIDADTCIDCGACAGVCPVD,1,41,0,2
1ff5_A,219,4,207,113,2,TRUST,VIPPISCPENE--------------KGEFP-KNLVQIK-SNRDKETKVF-----YSITGQGADKPPVGVFIIERETGWLKV-TQPLDREAIAKYILYSHAVSSNGEAVEDPME IVITVTDQNDNRPEFTQEVFEGSVAEGAVPGTSVMKVSATDADDDVNTYNAAIAYTIVSQDPELPHKNMFTVNRDTGVISVLTSGLDRESYPTYTLVVQAADLQGEGLSTTAK,3,206,1,8
1fjg_M,126,88,110,6,4,TREKS,RGLRHR RGLPV- RGQRTR TNARTR,88,110,0,2
1fnx_H,174,5,29,13,2,TRUST,QTKTIKVSYA-RP AAEPITVKFANNP,39,63,0,2
1fpw_A,190,8,163,50,4,TRUST,LSKDDLTCLKQSTY-F--D---RRE---------IQQWHKGFLRDCPSGQ LAREDFVKIYKQFFPF--G---SPED-------FANHLFTVFDKD-NNGF IHFEEFITVLSTTS-R--G---TLEE-------KLSWAFELYDLN-HDGY ITFDEMLTIVASVY-KMMGSMVTLNEDEATPEMRVKKIFKLMDKN-EDGY,8,163,0,5
1fwn_A,267,61,96,12,3,TRUST,EYGVKALRKVKE EFGLKITTDIHE SWQAEPVAEVAD,1061,1096,0,2
1fx5_A,242,44,94,17,3,TRUST,ETGGIARYIAPIHIWNC NTGELASFITSFSFFME TSANPKAATDGLTFFLA,44,94,0,2
1fyb_A,111,1,111,58,2,HHREPID,DRICTNCCAGTKGCKYFSDDGTFVCEGESDPRNPKACTLNCDPRIAYGVCPRSEEKKN DRICTNCCAGTKGCKYFSDDGTFVCEGESDPRNPKACPRNCDPRIAYGICPLA-----,1,111,1,8
1g61_A,228,5,226,50,5,HHREPID,IRKYFSGIPTIGVLALTTEEITLLPIFLDKDDVNEVSEVLETKC------ LQTNIGGSSLVGSLSVANKYGLLLPKIVEDEELDRIKNFLKEN-NLDLNV -EIIKSKNTALGNLILTNDKGALISPELKDFK-KDIEDSLNVEV------ EIGTIAELPTVGSNAVVTNKGCLTHPLVEDDELEFLKSLFKVE-YIGK-- -GTANKGTTSVGACIIANSKGAVVGGDTTGPELLIIEDALG---------,2005,2226,1,1
1g74_A,131,73,116,11,4,TRUST,ETVDGRKVKSI ITLDGGALVQV QKWDGKSTTIK RKRDGDKLVVE,73,116,1,7
1g84_A,105,5,49,17,3,TRUST,TPPTVKILQSSSDGGGH FPPTIQLLCLVS---GY TPGTINITWLED---GQ,5,49,0,5
1gl2_B,65,9,57,7,7,HHREPID,SSIRQLE ADIMDIN EIFKDLG MMIHEQG DVIDSIE ANVESAE VHVQQAN,173,221,1,4
1go7_P,462,281,398,18,11,HHREPID,AGGTDTFD-FSGY----- -SNNQRINL--------- NEGSFSD--VGG------ LKGNVSIAH--------- GVTIENAIG--------- GSGNDILVG--------- NSADNILQGGAGNDVLYG GAGADTLYG--------- GAGRDTFVY--------- GSGQDSTVAAYDWIADF- QKGIDKID----------,298,415,1,12
1gu6_A,452,83,155,25,3,TRUST,APKNAEDGPLPMACWSCKSPDVARL IQKDGEDGYF-HGKWARGGPEIVNN LGCADCHNTA-SPEFAKGKPELTLS,109,181,0,5
1h3i_A,293,2,119,27,5,HHREPID,FFDGST-LEGYYV-DDALQGQGV-YT- YEDGGV-LQGTYV-DGELNGPAQ-EYD -TDGRLIFKGQYK-DNIRHGVCW-IYY -PDGGS-LVGEVNEDGEMTGEKIAYVY -PDERTALYGKFI-DGEMIEGKL-A--,53,170,1,1
1h5y_A,253,16,219,85,3,TRUST,GAKVVVKGVNFQGIRE-VG-DPVEMAVRYEEEGADEIAILDITAAPEGRATFIDSVKRVAEAVSIPVLVGGGVRSLEDATTLFRA GADKVS--VNTAAVR-----NPQLVALLAREFGS-QSTVVAIDAKWNGEYY---------------------------------- -----E--VYVKGGREATGLDAVKWAKEVEELGAGEILLTSIDRDGTGLGYDVELIRRVADSVRIPVIASGGAGRVEHFYEAAAA,16,219,1,1
1h9j_A,145,3,143,72,2,HHREPID,HMKISARNVFKGTVSALKEGAVNAEVDILLGGGDKLAAVVTLESARSLQLAAGKEVVAVVKAPWVLLMTDSS GYRLSARNILTGTVKTIETGAVNAEVTLALQGGTEITSMVTKEAVAELGLKPGASASAVIKASNVILGV---,-1,140,1,8
1ha8_A,51,1,32,11,3,TRUST,GECEQCFSDG- GDCTTCFNNGT GPCANCLAGYP,1,32,0,5
1hcd_A,118,2,113,41,3,TRUST,GNRAFKSHHGHFLS-AEGEAVKTHHGHHDHHTHFHVENH-G GKVALKTHCGKYLSIGDHKQVYLSHHLHGDHSLFHLEHH-G GKVSIKGHHHHYISADHHGHVSTKE-HHDHDTTF-------,2,113,1,1
1heh_C,88,1,74,26,3,TRUST,TGSCSVSAVRGEEWADRFNVTY--SV SGSSSWVVTLGLNGGQSVQSSWNAAL TGSSGTVTARPNGSGNSFGVTF--YK,557,630,0,5
1hfe_L,421,31,77,26,2,HHREPID,DEAKCIGCDTCSQYCPTAAIFGEMGE HIEACINCGQCLTHCPENAIY-----,31,77,1,12
1hqv_A,191,24,187,41,5,HHREPID,DQSFLWNVFQRVDKDRSGVI--SDNELQQALSNGTWTPFNP --VTVRSIISMFDRENKAGV--NFSEFTGVWK---YI---- --TDWQNVFRTYDRDNSGMI--DKNELKQALSGFGYRLS-- -DQFHDILIRKFDRQGRGQI--AFDDFIQGCIV--L----- --QRLTDIFRRYDTDQDGWIQVSYEQYLSMV----------,24,187,0,5
1ifp_A,44,1,28,14,2,TRUST,MQSVITDVTGQLTA VQADITTIGGAIIV,1,28,1,4
1isu_A,62,24,52,15,2,TRUST,GCAQFVPGASPTAAG GC-KVIPGDNQIAPG,24,52,1,8
1isv_A,436,237,434,91,3,TRUST,LDIQGASSSTYAAVT-NDCLAVSRCLGITVWGVRDTDSWRS-GDTPL--LFNGDGSKKAAYTAVLNALNGGSSTPPPSGGGQIKGVGSGRC LDVPNASTTDGTQVQLYDCHSATN----QQWTYTDAGELRVYGDKCLDAAGTGNGTKVQIY----SCWGGDNQKWRLNSDGSIVGVQSGLC LDAVGGGTANGTLIQLYSCSNGSN----QRWT-----------------------------------------------------------,237,434,0,2
1j30_A,144,8,140,73,2,HHREPID,KTAENLKQGFIGESMAN-RRYLYFAKRADEEGYPEIAGLLRSIAEGETAHAFGHLDFIRQGGLTDPATDKPIG TLEQMIESAIAGETYEWTQMYPGFAKVAREEGFPEVAEWFETLARAEKSHAEKFQNVLKQL------------,8,140,1,8
1jah_A,166,21,110,32,3,TRUST,IQLIQNHFVDEYDPTIEDSYRKQVVIDGETCL LDILDTAGQEEYS-AMRDQYMR--TGEGFLCV FAINNTKSFEDIH-QYREQIKR--VKDSDDVP,21,110,0,2
1jb0_C,80,6,56,29,2,HHREPID,IYDTCIGCTQCVRACPTDVLEMVPWDGCK RTEDCVGCKRCETACPTDFLSI-------,6,56,1,8
1jba_A,204,21,175,61,4,HHREPID,---AAQLQEWYKKFLEECPSGTLFMHEFKRFFKVPDN------------------------ EEATQYVEAMFRAFDTNG-DNTIDFLEYVAALNLVLRG----------------------- -TLEHKLKWTFKIYDKDR-NGCIDRQELLDIVES----IYKLKKACSVEVEAEQQGKLLTP ---EEVVDRIFLLVDENG-DGQLSLNEFVEGAR----------------------------,21,175,1,1
1jc9_A,269,205,243,13,3,TRUST,HCAQTYKGGWWYD RCHESNLNGLYLN GEHNSYADGIEWR,205,243,0,2
1jh0_L,281,96,170,26,3,TRUST,AFVSWALREVEICRKLGIGYHIPFAF AFAILAYLTLVLFRPVMMG-AWGYAF PYGIWTHLDWVSNTGYTYG-NFHYN-,96,170,0,5
1jsd_B,176,36,84,7,7,HHREPID,ADSDSTQ KAIDKIT SKVNNIV DKMNKQY GIIDHEF SEIETRL NMINNKI,36,84,1,4
1juo_A,198,33,195,46,5,HHREPID,---DPLYGYFAAVAGQD-GQI--DADELQRCLTQSGIAGGYKPFNL ---ETCRLMVSMLDRDMSGTM--GFNEFKELW-------------- AVLNGWRQHFISFDTDRSGTV--DPQELQKALTTMGFRLSP----- ---QAVNSIAKRYSTN--GKI--TFDDYIACC-------------- VKLRALTDSFRRRDTAQQGVVNFPYDDFIQCV--------------,33,195,0,5
1k6i_A,352,106,123,9,2,TRUST,QHYIYSSMP DHSLYGPWP,106,123,0,2
1k7t_A,186,1,169,43,4,TRUST,ERCGEQGSGMECPNNLCCSQYGYCGMGGDYCGKGCQNGACWTS KRCGSQAGGKTCPNNHCCSQYGHCGFGAEYCGAGCQGGPCRAD IKCGSQAGGKLCPNNLCCSQWGYCGLGSEFCGEGCQNGACSTD KPCGKDAGGRVCTNNYCCSKWGSCGIGPGYCGAGCQSGGC---,2,170,1,1
1k9u_A,78,3,63,32,2,HHREPID,DDMERIFKRFDTNGDGKISLSELTDALRTLGS DEVQRMMAEIDTDGDGFIDFNEFISFCNA---,3,63,1,8
1kf6_C,130,12,104,30,4,TRUST,TSTW-----WKKLP---FYRFYMLREGTAV PAVW-----FSIEL---IFGLFALKNG--- PEAWAGFVDFLQNPVIVIINLITLAAALLH TKTW-----FELAP---KAANIIVKDEKMG,12,104,0,5
1kil_C,74,2,44,15,3,TRUST,SLEEMQRRADQLADE SLES-TRRMLQLVEE SKDA-GIRTLVMLDE,10,52,1,4
1kvd_A,63,15,46,16,2,TRUST,AIAGCSGAATFGGLAG GIVGCIAAGILAILQG,33,64,0,2
1kw2_A,458,10,452,207,3,TRUST,NKVCKEFSHLG-KEDFTSLS-LVLYSRKFPSGTFEQVSQLVKEVVSLTEACCAEGADPD--CYDTRTSALSAKSCES----NSPFPVHPGTAECC-TKEGLERKLC---MAALKHQPQEFPTYVE-PTNDEICEAFRKDP--KEYANQFMWEYSTNYGQAPLSLLVSYTKSYLSMVGSCCTSASPTVCF-LKERLQLKHLSLLTTLS NRVCSQYAAYG--EKKSRLSNLIKLAQKVPTADLEDVLPLAEDITNILSKCC-ESASED--CMAKELPEHTVKLCDNLSTKNSKF------EDCCQEKTAMDVFVCTYFMPA-AQLP-ELPD-VELPTNKDVC-----DPGNTKVMDKYTFELS-RRTHLPEVFLSKVLEPTLKSLGECCDVEDSTTCFNAKGPLLKKELSSFIDKG QELCADYSENTFTEYKKKLA-E-RLKAKLPDATPKELAKLVNKRSDFASNCC-SINSPPLYC-DSEIDA------------------------------------------------------------------------------------------------------------------------------------------,26,468,1,1
1l2p_A,61,3,57,11,5,HHREPID,QLKKAKAEAQV IIEQANKRRSQ ILDEAKAEAEQ ERTKIVAQAQA EIEAERKRARE,64,118,1,4
1l3e_B,101,22,97,31,3,TRUST,LLLHAHKCQRREQANGEVRQCNLPHCRTMKN VLNHMTHC-----QSG--KSCQVAHCASSRQ IISHWKNC------TR--HDCPV--CLPLKN,122,197,1,1
1li1_C,228,9,222,118,2,TRUST,VK---------HSQTDQEPMCPVGMNKLWSGYS-LLYFEGQEKAHNQDLGLAGSCLARFSTMPFLYCNPG-DVC-YYASRNDKSYWLSTTAP---LPMMPVAE----DEIKPYISRCS VCEAPAIAIAVHSQDVSIPHCPAGWRSLWIGYSFLMHTAAGDEGGGQSLVSPGSCLEDFRATPFIECNGGRGTCHYYA--NKYSFWL-TTIPEQSFQGSPSADTLKAGLIRTHISRCQ,9,223,1,1
1m5i_A,125,9,36,14,2,TRUST,LEELEKERSLLLAD LDKEEKEKDWYYAQ,134,161,1,4
1mf8_B,170,17,158,47,4,HHREPID,RLGKRFKKLDLDNSGSLSVEEFMSLPELQQNP--------------- LVQRVIDIFDTDGNGEVDFKEFIEGV------SQFSVKGDKEQ---- KLRFAFRIYDMDKDGYISNGELFQVL------KMMVGNNLKDTQLQQ IVDKTIINADKDGDGRISFEEFCAVVGADEIK---------------,16,157,1,1
1mj5_A,302,195,271,30,3,TRUST,LAAGEARRPTLSWPRQIPIA------GTPA DVVAIARDYA-GWLSESPIPKLFINAEPGA LTTGRMRDFCRTWPNQTEIT------VAGA,195,271,0,2
1n02_A,102,3,101,51,2,HHREPID,-GKFIETCRNTQLAGSSELAAECKTRAQQFVSTKINLDDHIANIDGTLKWQ PSNFSQTCYNSAIQ-GSVLTSTCERTNGGYNTSSIDLNSVIENVDGSLKY-,2,100,1,1
1n99_A,166,8,159,84,2,TRUST,VIL-----------CKDQDGKIGLRLKSIDNGIFVQLVQANSPASLVGLRFGDQVLQINGENCAGWSSDKAHKVLKQAFGEKIT MTIRDRPFERTITMHKDSTGHVGFIFK---NGKITSIVK-DSSAARNGLLTEHNICEINGQNVIGLKDSQIADILSTS-GTVVT,115,266,1,1
1nkn_A,89,16,85,7,10,HHREPID,MKEQLKQ MDKMKED LAKTERI KKELEEQ NVTLLEQ KNDLFGS MKQLEDK VEELLSK NYHLENE VARLKKL,846,915,1,4
1o78_A,84,5,79,38,2,TRUST,VTVNGAGKAGEGEIPAPLAGTVSKILVKEGDTVKAGQT VLVLEAMKM-ETEINAPTDGKVEKVLVKERDAVQGGQG,5,79,0,2
1oa4_A,222,6,37,16,2,TRUST,DRYGTTTIQDRYVVQN NRWGTSATQCINVTGN,6,37,0,2
1oao_C,729,669,707,13,3,TRUST,WMPKSLKDFLHDE FVRRSVEEGLGED FIDKIADETIGTT,669,707,0,2
1oba_A,339,172,338,42,8,HHREPID,------RWWQYS-SNPFD-----KNIVLLDDEEDDKPKTAGT WKQDSKGWWFRR-NNGSFPYNKW------------------- -EKIGGVWYYFD-SKGYCLTS--E------------------ WLKDNEKWYYLK-DNGAMATG--------------------- WVLVGSEWYYMD-DSGAMVTG-W------------------- -VKYKNNWYYMTNERGNMVSN--E----------------,172,338,1,1
1p1d_A,196,3,190,106,2,TRUST,VHTETTEVVLTADPVT-------GFGIQLQGSVFATETLSSP-------PL-ISYIEADSPAERCGVLQIGDRVMAINGIPTEDSTFEEANQLLRDSSITSKVTLE IEFDVAESVI---PSSGTFHVK----LPKKHSVELGITISSPSSRKPGDPLVISDIKKGSVAHRTGTLELGDKLLAIDNIRLDSCSMEDAVQILQQC--EDLVKLK,20,207,1,8
1p4x_A,250,2,236,124,2,TRUST,KYNNHDK---------IRDFIIIEAYMFRFKKKVKPEVDMTIKEFILLTYLFHQQENTLPFKKIVSDLCYKQSDLVQHIKVLVKHSYISKVRSKIDERNTYISISEEQREKIAERVTLFDQIIK QFNLADQSESQMIPKDSKEFLNLMMYTMYFKNIIKKHLTLSFVEFTILAIITSQNKNIVLLKDLIETIHHKYPQTVRALNNLKKQGYLIKERSTEDERKILIHMDDAQQDH-AEQ--LLAQ-VN,2,236,1,9
1pcp_A,106,6,104,50,2,TRUST,CRCSRQDPKNRVNCGFPGITSDQCFTSGCCFDSQVPGVPWCFKPLPAQES EECVMQ-VSARKNCGYPGISPEDCAARNCCFSDTIPEVPWCFFPMSVEDC,6,104,1,8
1pcz_A,191,7,129,62,2,TRUST,LDLCPNSKYNPEEFPGIICHLDDPKVALLIFSSGKLVVTGAKSVQDIERAVAKLAQKLKSIG LTL-PNCEYEPEQFPGVIYRVKEPKSVILLFSSGKIVCSGAKSEADAWEAVRKLLRELDKYG,7,129,0,2
1pda_A,313,123,216,25,4,TRUST,SIVGTSSLRRQ-CQLAERRPDLIIR SLRG--NVGTRLSKLDNGEYDAIIL AVAGLKRLGLE-SRIRAALPPEISL PAVGQGAVGIE-CRLDDSRTREL-L,123,216,0,2
1pn3_A,404,351,383,11,3,TRUST,ALDTALAPEIR ARATTVADTIR ADGTTVAAQLL,351,383,1,4
1q2e_A,426,43,75,11,3,TRUST,ATNSSTNCYDG NTWSSTLCPDN ETCAKNCCLDG,44,76,0,2
1qez_A,173,51,93,22,2,TRUST,NYGFIPGTLEEDGDPLDVLVIT NYQLYPGSVIE-VRPIGILYMK,1051,1093,0,5
1qiu_A,264,2,69,23,4,HHREPID,--SIKKSSGLNFDNT-------- AIAINAGKGLEFDTNTSESPDIN PIKTKIGSGIDYNENG------- AMITKLGAGLSFDNSG-------,320,387,1,1
1qn3_A,200,25,197,92,2,TRUST,LQNIVSTVNLDCKLDLKAIAL-QARNAEYNPKRFAAVIMRIREPKTTALIFASGKMVCTGAKSEDFSKMAARKYARIVQKLGFPAKFKDF-K IQNIVGSCDVKFPIRLEGLAYSHAAFSSYEPELFPGLIYRMKVPKIVLLIFVSGKIVITGAKMRDETYKA---FENI-----YPV-LSEFRK,25,197,1,9
1qu6_A,179,6,170,92,2,TRUST,MAGD-----------------LSAGFFMEELNTYRQKQGVVLKYQELPNSGPPHDRRFTFQVIIDGREFPEGEGRSKKEAKNAAAKLA-VEI LNKEKKAVSPLLLTTTNSSEGLSMGNYIGLINRIAQKKRLTVNYEQC-ASGVHGPEGFHYKCKMGQKEYSIGTGSTKQEAKQLAAKLAYLQI,6,170,1,8
1quu_A,250,6,239,123,2,TRUST,IRR-LERLEHLAEKFRQKASTHETWAYGKEQILLQKDYESASLTEVRALLRKHEAFESDL-AAHQDRVEQIAAIAQELNEL--DYHDAVNVNDRCQKIC-D----QWDRLGTLTQKRREALER MEKLLETIDQLHLEFAKRAAPFNNWMEGAME-DLQDMFIVHSIEEIQSLITAHEQFKATLPEADGER-QSIMAIQNEVEKVIQSYNIRISSSNPYSTVTMDELRTKWDKVKQLVPIRDQSLQ-,6,239,1,8
1r8i_A,213,8,42,7,5,HHREPID,TELIKQG EQLEQMA QQLEQLK SQLETQK NMYESMA,32,66,1,1
1rgo_A,70,4,69,38,2,HHREPID,YKTELCRPFEESGTCKYGEKCQFAHGFHELRSLTRHPK YKTELCRTFHTIGFCPYGPRCHFIHNAD----------,154,219,1,9
1rut_X,188,6,129,65,2,HHREPID,--KRCAGCGGKIADRF-LLYAMDSYWHSRCLKCSSCQAQLGDIGTSSYTKSGMILCRNDYIRLFG NSGACSACGQSIPASELVMRAQGNVYHLKCFTCSTCRNRLVP-GDRFHYINGSLFCEHDRPTA--,21,144,1,8
1ryk_A,69,8,60,27,2,TRUST,GNWKQFKGKVKEQWGKLTDD-DMTIIE GKRDQLVGKIQERYGYQKDQAEKEVVD,8,60,1,8
1s6i_A,188,10,180,46,5,HHREPID,--GGLKELFKMIDTDNSGTITFDELKDGLKRVGSEL---------- MESEIKDLMDAADIDKSGTIDYGEFIAATVHLNKLE---------- REENLVSAFSYFDKDGSGYITLDEIQQACKDFGL------------ DDIHIDDMIKEIDQDNDGQIDYGEFAAMMRKR-KGNGGIGRRTMRK -TLNLRDALGLVDNGSNQVIEGY-----------------------,10,180,1,1
1sgf_A,240,173,204,11,3,TRUST,DAMLCAGEMDG GSYTCEHD-SG GPLICDGILQG,178,211,0,2
1sj8_A,308,114,297,41,6,TRUST,AALL---ED-EGGNGRP-------LLQ-----AAKGLAGAV SELL---RSAQPASAEP--R-QN-LLQ-----AAGNVGQAS GELL---QQIGESDTDP--HFQDVLMQ-----LANAVASAA AALV---LKAKSVAQRT--E-DS-GLQTQVIAAATQCALST SQLVACTKVVAPTISSPVCQ-EQ-LVE-----AGRLVAKAV -EGC---VSASQAATED--G-Q--LLRGVGA-AATAVTQAL,595,778,1,1
1st6_A,1069,177,594,120,4,TRUST,MIDE--RQ--QELTHQEHRV-MLVNSMNTVKELLPVLISAMKIFVTTKNTKSQGIEEA-LKNRNFTVEKMSAEI-NEIIRVLQ-LTSWDEDAWASKDTEAM-KRALALIDSKMNQAKG-W LRDP--NAPPG--DAGEQAIRQILDEAGKAGELCAG-KERREILGTCKTLGQMTDQLADLRARGQGATPMAMQKAQQVSQGLDLLTAKVENAAR--KLEAMTN-SKQAIAKKIDAAQN-W LADP--NG--G--SEGEEHIRGIMSEARKVAELCEEPKERDDILRSLGEISALTAKLSDLRRHGKGDSPEARALAKQIATSLQNLQSKTNRAVA--NTRPV-K-AAVHLEGKIEQAQR-W IDNPTVDD--R--GVGQAAIRGLVAEGRRLANVMMGP-YRQDLLAKCDRVDQLAAQLADLAARGEGESPQARAIAAQLQDSLKDLKARMQEAM---------------------------,174,591,1,1
1toj_A,396,337,390,27,2,TRUST,DFSFIIKQNGMFSFSGLTKEQVLRLRE EFGVYAVASGRVNVAGMTPDNMAPLCE,350,403,0,2
1u4q_A,322,2,319,106,3,TRUST,ANKQQNFNTGIKDFDFWLSEVEALLASEDYGKDLASVNNLLKKHQLLEADISAHEDRLKDLNSQADSLMTSSAFDTSQVKDKRETINGRFQRIKSMAAARRAKLNE SHRLHQFFRDMDDEESWIKEKKLLVSSEDYGRDLTGVQNLRKKHKRLEAELAAHEPAIQGVLDTGKKLSDDNTIGKEEIQQRLAQFVDHWKELKQLAAARGQRLEE SLEYQQFVANVEEEEAWINEKMTLVASEDYGDTLAAIQGLLKKHEAFETDFTVHKDRVNDVCANGEDLIKKNNHHVENITAKMKGLKGKVSDLEKAAAQRKAKLDE,1662,1979,1,1
1ups_A,420,291,419,46,3,HHREPID,NYLIRNRQTG-KFLYIEENNDKVSYGDITLKNEKNAKWSKEYRDG- YTLLKNNETG-EYLNIENQTGYIEHGKVP-KTWWSAQWSEVPVDGY -TRFVNRWKPNMSIHTESYEGVLQYGNVP-NTYWTSQWQLIPV---,291,419,1,1
1uta_A,81,2,75,38,2,TRUST,TSNKDERRWMVQCGSFRGAEQAETVRAQLAFEGFDSKI TTNNGWNRVVI--GPVKGKENADSTLNRLKMAGHTNCI,244,317,0,2
1v1f_A,222,53,201,44,4,TRUST,DGLIHKEEF---QLALFRNRNRR-NLF-----ADRIFDVFDVKR NGVIEFGEF-VRSLGVFHPSAPV-HEK-----VKFAFKLYDLRQ TGFIEREELKEMVVALLHESELVLSEDMIEVMVDKAFVQADRKN DGKIDIDEW--KDFVSLNPS--L-IKN-----MTLPY-LKDINR,53,201,1,1
1vcl_A,432,11,280,69,6,HHREPID,----------GELRSFKSKQCVDIVGNQG----SGNIATYDCDGL------------------------ SDQQIIICGDGTIRNEARNYCFTPDGSGNANVMSSPCTLYPEIP-SSQRWRQGRRKTFTDNGGIEQVAT -----------EIINLASGKCLDIEGSDG----TGDIGVYDCQNLDDQYFYVRSRGPELFY-------- ----------GRLRNEKSDLCLDVEGSDG----KGNVLMYSCEDN,12,281,0,2
1vhu_A,211,63,185,50,3,TRUST,D--AGLYTEISKKAMREQFGRDYIDHGEVVVTPAMNLEERGIKYVFHTVG PICSGMWSE----ELKEKLYKAFLG-------PLEKAEEMGVESIAFPAV S--AGIYGC----DL-EKVVETFLE-------AVKNFKGSAVKEVALVIY,61,183,0,2
1vmo_A,163,10,161,58,3,TRUST,TVP--NGGH--W---GKWGIRQFCHSGYANGFALKVEPSQFGRDDTALNGIRLRCLDG SVI--ESLVGKW---GTWTSFLVCPTGYLVSFSLRSEKSQGGGDDTAANNIQFRCSDE AVLVGDGLS--WGRFGPWSKR--CK---ICGLQTKVESPQGLRDDTALNNVRFFC---,10,161,1,1
1w3a_A,315,22,146,48,3,HHREPID,--------------QVIFARNSPSPDVGLSPVNDQATDQYFSLIYGTG EHAGLYAIKSKATGKVLFSRRPAEPYVGQIDGDGRYPDNWFKIEPGKT YLSKYFRLVQPSTGTALVSRTHLQPYFWNHPQTEVFDDQYFTF-----,22,146,1,1
1wlp_B,138,12,135,70,2,HHREPID,TYRAIADYEKTSGSEMALSTGDVVEVVEKSESGWWFCQMKAKRGWIPASFLEPLDSPDETEDPEPNYAGE PYVAIKAYTAVEGDEVSLLEGEAVEVIHKLLDGWWVIRKDDVTGYFPSMYLQKS----------------,160,283,1,9
1wpa_A,114,41,61,7,3,TREKS,ELDEINK ELSRLDK ELDDYRE,449,469,1,4
1x6h_A,86,14,76,32,2,TRUST,KPYACSHCDKTFRQKQLLDMHFKRYHDPNFVP AAFVCSKCGKTFTRRNTMARHADNCAGPDGV-,14,76,1,8
1xwm_A,217,6,200,104,2,TRUST,ADDLASLHNK--------LIEMGRLTEVALQQAIEAFQTQNANLAMAVIDGDGSIDALEEEVNDFALWLIAAQQPVATDLRRI-VAAIKIASDIERIADFAVNI AKACIRIGGQPFVMDIGPLVLMYRLATDMVSTAIAAYDREDASLAAQIADMDHRVD---EQYGEMMASLLAVAKTDAATLAQMNVLAL-VARYIERTADHATNI,6,200,1,8
1y1x_A,191,26,187,39,5,HHREPID,--NQELMEWFRAVDTDGSGAI--SVPELNAALSS-AGVP FSLATTEKLLHMYDKNHSGEI--TFDEFKDLHHFI---- ---LSMREGFRKRDSSGDGRL--DSNEVRAALLS-SGYQ VSEQTFQALMRKFDRQRRGSL--GFDDYVELSIFV---- ---CRVRNVFAFYDRERTGQVTFTFDTFIGGS-------,26,187,0,5
1y4c_A,494,389,470,31,3,HHREPID,EELLKIALQEAQKTLQQAQELAKKGGG---- EEQLKRALKRADRNLWAAQELAKKGGGGEEL ---LKQALQQAQQLLRQAQELAKKGGG----,549,630,1,1
1y7x_A,113,3,113,53,3,HHREPID,------------------------HMQVVLPNTALHLKALLDFEDKDGDKVVA GDEWLFEGPGTYIPRKEVEVVEIIQATIIRQNQALRLRARKECWDRDGKERVT GEEWLVTTVGAYLPAVFEEVLDLVDAVIL------------------------,3,113,0,2
1ya5_A,201,3,196,100,2,TRUST,TQAPTFTQPLQSVVVLEGSTATFEAHISGFPVPEVSWFRDGQVISTSTLPGVQISF-SDGR-AKLTIPAVTKANSGRYSLKATNGSGQATSTAELLVKAE TAPPNFVQRLQSMTVRQGSQVRLQVRVTGIPTPVVKFYRDGAEIQ-SSL-DFQISQ--EGDLYSLLIAEAYPEDSGTYSVNATNSVGRATSTAELLVQGE,3,196,1,8
1yf2_A,425,8,422,212,2,TRUST,FKKTEIGEIPEDWEIV-ELKDVCKKIKAGGTPKTSVEEYYKNGTIPFVKIEDITNSNK--YLTNTKIKITEEGLNNSNAWIVPKNSVLFAMYGSIGETAINKIEVATNQAILGIIPKDN-ILESEFLYYILAKNKNYYSKLGMQTTQKNLNAQIVKSFKIPLPPLEEQKQIAKILTKIDEGIEIIEKSINKLERIKKGLMHKLLTKGIGHSR FKKSEIGEIPEDWE-VFEIKDIF-EVKTGTTPSTKKSEYWENGEINWITPLDLSRLNEKIYIGSSERKVTKIALEKCNLNLIPKGSIIISTRAPVGYVAVLTVESTFNQGCKGLFQKNNDSVNTEFYAYYLKFKKNLLENLSGGSTFKELSKSMLENFKIPLPPLEEQKQIAKILSSVDKSIELKKQKKEKLQRMKKKIMELLLT---GKVR,8,422,1,9
1ykd_A,398,6,382,193,2,TRUST,QKLQIVHQTLSMLDSHGFENI-LQEMLQSITLKTGELLGADRTTIFLLDEEKQELWSIVAAGEGDRSLEIRIPADKGIAGEVATFKQVVNIPFDFYHDPRSIFAQKQEKITGYRTYTMLALPLLSEQGRLVAVVQLLNKLK-----PYSPPDALLAERIDNQGFTSADEQLFQEFAPSIRLILESSRSFYIAT QKQRAAAAMMKAVKSLSQSSLDLEDTLKRVMDEAKELMNADRSTLWLIDRDRHELWTKITQDNGS-TKELRVPIGKGFAGIVAASGQKLNIPFDLYDHPDSATAKQIDQQNGYRTCSLLCMPVFNGDQELIGVTQLVNKKKTGEFPPYNPETWPIAPECFQASFDRNDEEFMEAFNIQAGVALQNAQLF--AT,63,439,1,9
1ymm_D,207,64,102,13,3,TRUST,TLDTSKKSSSLLI TASRAADTASYFC ATDTTSGTYKYIF,64,102,0,2
1yo7_A,120,16,111,35,3,TREKS,RSQTLTLLEKLNELDADE-QADICESLHDHADELY RS-CLASFKKN-GQI-DEQA-DICESLHDHADELY RS-CLARFGGS-KQ--EKTALNMARFIRSQTLTLL,16,111,1,1
1yt8_A,539,15,480,142,4,TRUST,RA---------ALLARRE----LALLDVREEDPFAQAHPLFAANLPLSRLELEIHARVPRRDTP-ITVYDDGEGLAPVA-AQRLHDLGYSD-VALLDGGLSGWRNAGGELFRDVNVPSKAFGELVEA-ERHT--PSLAAEEV QA---------LLDARAE----AVILDARRFDEYQTMSIPGGISVPGAELVLRVAELAPDPRTR-VIVNCAGRTRSIIG-TQSLLNAGIPNPVAALRNGTIGWTLAGQQLEHG---QTRRFGAISQD-TRKAAAQRARAVAD RAGVERLDLAGLAQWQDEHDRTTYLLDVRTPEEYEAGHLPGSRSTPGGQLVQETDHVASVRGARLVLVDDDG-VRANMS-ASWLAQMGW--QVAVLD-GLS---------EAD---FSER-GAWSAPLPRQ---PRADTIDP TT---------LADWLGEPG--TRVLDFTASANYAKRHIPGAAWVLRSQLKQALERLGTAE--R-YVLTCGSSLLARFAVAEVQALSG--KPVFLLDGGTSAWVAAGLPTEDG---ES------------------------,15,480,1,1
1z0c_A,207,130,193,22,3,TRUST,LPVGGVTQKIEAAIQAGLKKVI IPKDNIDDVLLDAEHEG-KIEV IPVSRINEVLEHVLEDG-KKKN,544,607,0,2
1z6c_A,87,1,83,44,2,TRUST,KDVDECSLKPSICGTAVCKNIPGDFECEC--PEGYRYNLKSKSC EDIDECS--ENMC-AQLCVNYPGGYTCYCDGKKGFKLAQDQKSC,159,241,1,9
1zhq_A,113,3,104,52,2,HHREPID,YKVNIPAGPLWSNAEAQQVGPKIAAAHQGNFTGQWTTVVESAMSVVEVELQV FKTDVLAGPLWSNDEAQKLGPQIAASYGAEFTGQWRTIVEGVMSVIQIKY--,3,104,1,9
261l_A,173,38,76,17,3,TRUST,SI----NA--AKSELDK AI----NA--AKSELDK AIGRNTNGVITKDEAEK,38,76,0,5
2a01_A,243,8,242,22,11,HHREPID,----WDRVKDLATVYVDVLKDS GRDYVSQFEGS--ALGKQLNLK LLDNWDSVTSTFSKLREQLGPV TQEFWDNLEKETEGLRQEMSKD LEEVKAKVQPYLDDFQKKWQEE MELYRQKVEPLRAELQEGARQK LHELQEKLSPLGEEMRDRARAH VDALRTHLAPYSDELRQRLAAR LEALKENGGARLAEYHAKATEH LSTLSEKAKPALEDLRQGLLPV LESFKVSFLSALEEYTKKLNT-,8,242,1,7
2a3d_A,73,5,71,25,3,HHREPID,-----AEFKQRLAAIKTRLQALGG- SEAELAAFEKEIAAFESELQAYKGK GNPEVEALRKEAAAIRDELQAYR--,5,71,1,1
2aaa_A,484,389,431,15,3,TRUST,TDSNTIAMAKG-TSG SQVITVLSNKG-SSG SSYTLTLSGSGYTSG,389,431,0,0
2aak_A,152,46,150,54,2,TRUST,TPWDGGTFKLSLQ--FSEDYPNKPPTVRFVSRMFHPNIYADGSICLDILQNQWS PIYDVAAILTSIQSLLCDPNPNSPANSE-AARMYSESKREYNRRVRDVVEQSWT,46,150,0,2
2agm_A,167,2,85,12,9,HHREPID,SDGEPLVGG--- DTDDQLQGG--- SGADRLDGG--- AGDDILDGG--- AGRDRLSGG--- AGADTFVFS--- AREDSYRTDTAV -FNDLILDFEA- -SEDRIDLS---,2,85,1,1
2aih_A,67,6,63,26,3,HHREPID,----------SACCDTCLCTRSQPPT CRCVDVRESCHSACDKCVCAYSNPPQ CQCYDTHKFCYKACHN----------,6,63,0,0
2b0p_A,134,20,119,34,3,TRUST,G-QYHGGGAHYGVDYAMPENSPVYSLTDGTVVQA GWSNYGGGNQVTIKEANSNNYQWYMHNNRLTVSA G-DKVKAGDQIAYSGSTGNSTAPHVHFQRMSGGI,202,301,0,0
2be4_A,272,4,269,95,3,TRUST,AFANLD-AAGFLQIWQHFDADDNGYIEGKELDDFFRHMLKKLQPKDKITDERVQQIKKSFMSAYDATFDGRLQIEELANMILPQEENFLLIFRRE A--PLDNSVEFMKIWRKYDADSSGYISAAELKNFLKDLF--LQHKKKIPPNKLDEYTDAMMKIFDKNKDGRLDLNDLAR-ILALQENFLLQFKMD ASSQVERKRDFEKIFAHYDVSRTGALEGPEVDGFVKDMM--ELVRPSISGGDLDKFRECLLTHCDMNKDGKIQKSELAL-CLGLK----------,4,269,1,1
2bl2_A,156,13,154,76,2,HHREPID,-VFAVLAMATATIFSGIGSAKGVGMTGEAAAALTTSQPEKFGQALILQLLPGTQGLYGFVIAFLIFINLGSDMSVV QGLNFLGASLPIAFTGLFSGIAQGKVAAAGIQILAKKPEHATKGIIFAAMVETYAILGFVISFLLVL---------,13,154,1,8
2bv8_B,172,2,65,22,3,TRUST,LDAFAKVVAQADARGEFLSNTQ LDALANMIAEGNKRLDIVN--R INSNASAIVSNSARALFAEQPQ,2,65,0,5
2bwm_A,401,11,399,58,8,HHREPID,-----------------------VPTRIPGVADLVGFGNGGVYIIRNS---LLIQV-- VKVINNFGYDAGGWRVEKHVRLLADTTGDNQSDVVGFGENGVWISTNNGNNTFVD-PP KMVLANFAYAAGGWRVEKHIRFMADLRKTGRADIVGFGDGGIYISRNNGGGQFAPA-- QLALNNFGYA-QGWRLDRHLRFLADVTGDGLLDVVGFGENQVYIARNSGNGTFQPA-- QAVVNNFCIGAGGWTISAH,11,399,1,1
2bx9_A,53,8,35,14,2,TRUST,LEVACPKCERAGEI EGTPCPACSGKGVI,8,35,1,9
2cdo_A,160,71,89,10,2,TREKS,YTIAVAQAGN YTISY-QAGS,49,67,0,2
2ch7_B,309,9,302,14,40,HHREPID,TETFSVA------- ESIEEIS------- KANEEIT------- NQLLGIS------- KEMDNIS------- TRIESIS------- ASVQETT------- AGSEEIS------- SATKNIA------- DSAQQAA------- SFADQST------- QLAKEAG------- DALKKVI------- EVTRMIS------- NSAKDVE------- RVVESFQ------- KGAEEIT------- SFVETIN------- AIAEQTN------- LLALNAA------- IEAARAG------- EAGRGFA------- VVADEIR------- KLAEESQ------- QASENVR------- RVVNEIR------- SIAEDAG------- KVSSEIT------- ARVEEGT------- KLADEAD------- EKLNSIV------- GAVERINEMLQNIA AAIEEQNAAVDEIT TAMTENA------- KNAEEIT------- NSVKEVN------- ARLQEIS------- ASTEEVT------- SRVQTIR------- ENVQMLK-------,229,522,1,1
2cqe_A,98,20,67,24,2,TRUST,ITGFCARAENCPYMHGDFPCKLYH TTGNCINGDDCMFSHDPLTEETRE,441,488,1,8
2csf_A,101,51,92,21,2,TRUST,WLCELLRWKENPSPENRTLWE NLCTIRRFLNLPQHERDVIYE,51,92,0,2
2csh_A,110,9,90,30,3,HHREPID,KLYPC-Q-CGKSFTHKSQRDRHMSMHLGLR -PYGCGV-CGKKFKMKHHLVGHMKIHTGIK -PYEC-NICAKRFMWRDSFHRHVTSCTK--,9,90,1,1
2ctt_A,104,18,88,23,4,TRUST,GVNKEFTVN----IM-DTCERCN GKGNEPGTK----VQ-H-CHYCG GSGME-TINTGPFVMRSTCRRCG GRGS----I----II-SPCVVCR,18,88,1,1
2cup_A,101,8,95,37,3,TRUST,CVECRKPIGADSKEVHYKNRFWHDTCFR--------- CAKCLHPL-ANETFVAKDNKIL---CNKCTTREDSPK CKGCFKAIVAGDQNVEYKGTVWHKDCF----------,8,95,1,1
2cxc_A,144,36,139,67,2,HHREPID,NRLIFLVSEGEAGRAIGRGGRLIKLLREALGKNIEVVEYSSDLERIVKNLFPGVKIESINVRERNGV KQVVIKVSEDDKGAAIGKGGKNVKRARLVLSKLFGVE------------------------------,36,139,0,2
2d04_A,113,10,103,32,3,TRUST,LYAGHSLTS-GSYTLTIQNNCNLVKYQHG-RQ IWASDTDGQGSQCRLTLRSDGNLIIYDDNNMV VWGSDCWGNNGTYALVLQQDGLFVIYGPVLWP,10,103,0,0
2d9k_A,75,8,60,27,2,TRUST,HEETECPLRLAVCQHCDLELSILKLKE HED-YCGARTELCGNCGRNVLVKDLKT,8,60,1,1
2dhs_A,187,1,187,94,3,TRUST,MNGTLDHP------DQPDLDAI---KMFVGQVPRTWSEKDLRELFEQYGAVYEINVLRDRSQNPP-QSKGCCFVTFYTRKAALEAQNALHNMKV LPG-MHHPIQMKPADSEKNNAVEDRKLFIGMISKKCTENDIRVMFSSFGQIEECRILR----GPDGLSRGCAFVTFTTRAMAQTAIKAMHQAQT MEG-CSSPMVVKFAD-------------------------------------------------------------------------------,1,187,1,9
2did_A,53,10,31,11,2,TRUST,LCPQHHEALSL FCYEDQEAVCL,10,31,0,2
2dkt_A,143,58,126,17,5,HHREPID,--EVQCINCEKLQH--- -AQQTCEDCSTLFG--- --EYYCSICHLFDK-D- KRQYHCESCGICRIGPK EDFFHCLKCNLCLT---,58,126,1,1
2dlk_A,79,10,70,31,2,TRUST,CDFPGCGRIFSNRQYLNHHKKYQHIHQKSFS CPEPACGKSFNFKKHLKEHMKL-HSDTRDYI,10,70,1,8
2dlq_A,124,3,118,31,4,TRUST,SGSSGVECPTCHKKFLSKYYLKVHNRK---H TGEKPFECPKCGKCYFRKENLLEHEARNCMN RSEQVFTCSVCQETFRRRMELRLHMVS---H TGEMPYKCSSCSQQFMQKKDLQSHMIKL--H,3,118,1,1
2dnu_A,71,41,62,11,2,TRUST,EGWWYIRYLGK EGWAPASYLKK,41,62,0,2
2dpp_A,216,43,168,66,2,TRUST,SSDAIERVIKHYEHEL--GPMNGAKVVAKAW-TDPAFKQRLLEDSETVLRELGYYGLQGEHIRVVE NTDTVHNVVVCTLCSCYPWPLLG---LPPSWYKEPAYRARVVKEPRQVLKEFGLDLPDSVEIRVWD,43,170,0,2
2dre_A,180,117,140,12,2,TRUST,SGESFFRIEKYG NGKNTYKLVRYD,117,140,0,2
2edz_A,114,28,103,39,2,TRUST,GFFLRIEKDTDGHLIRVIEEGSPAEKAGLLDGDRVLRIN GVF--VDKEEHAQVVELVRKSGNSVTLLVLDGDSYEKAV,28,103,0,2
2ee6_A,105,1,70,24,3,TRUST,GSSGSS-GEGGAHKVRAGGPGLER GEAGVP-AEFSIWTREAGAGGLSI AVEGPSKAEITFDDHKNGSCGVSY,1,70,0,2
2ee8_A,106,15,98,28,3,HHREPID,KKEFICKFCGRHFTKSYNLLIHERTHTD ERPYTCDICHKAFRRQDHLRDHRYIHSK EKPFKCQECGKGFCQSRTLAVHKTLHMQ,15,98,1,1
2efl_A,305,113,209,14,7,HHREPID,ELKQERKSNFHDGR KAQQHIETCWKQLE SSKRRFERDCKEAD RAQQYFEKMDADIN VTKADVEKARQQAQ IRHQMAEDSKADYS SILQKFNHEQHEY-,108,204,1,4
2evu_A,246,10,232,126,2,TRUST,AEFIGTFI-LVFFGAGSAAVTLMIASGGTSPNP---------------FNIGIGLLGGLGDWVA----IGLAFGFAIAASIYALGNISGCHINPAVTIGLWS-VKKFPGREV----VPYIIAQLLG AAF-GSFIFLQCAGIGAATVGGL---GATAPFPGISYWQAMLAEVVGTFLLMITIMGIAVDERAPKGFAGIIIGLTVAGIITTLGNISGSSLNPARTFGPYLNDMIFAGTDLWNYYSIYVIGPIVG,10,232,1,9
2ex2_A,458,358,402,15,3,TRUST,IAQHDNELNFISMLP LAGYDGSLQYRAGLH QAGVDGKVSAKTGSL,377,421,0,2
2gee_A,203,23,203,94,2,TRUST,VPQPTDLSFVDITDSSIGLRWTPLNSSTIIGY--RITVVAAGEGIPIFEDFVDSSVGYYTV-TGLEPGIDYDISVYTVKNGGESTPTTLTQQTA VPPPTDLRFTNIGPDTMRVTWAPPPSIDLTNFLVRYSPVKNEEDVA--ELSISPSDN-AVVLTNLLPGTEYVVSVSSVYEQHESTPLRGRQKT-,94,274,1,8
2gi7_A,184,3,183,95,2,TRUST,SGPLPKPSLQALPSSLVPLEKPVTLRCQGPPGVDLYRLEKLSS-SRYQDQAVLF---IPAMKRSLA--GRYRC---SYQNGSLWSLPSDQLELVA TGVFAKPSLSAQPGPAVSSGGDVTLQCQTRYGFDQFALYKEGDPAPYKNPERWYRASFPIITVTAAHSGTYRCYSFSSRDPYLWSAPSDPLELVV,2,182,1,8
2glw_A,92,7,79,39,2,HHREPID,FHTTVHRIGRIIIPAGTRKFYGIEQGDFVEIKIVKYEGE FTARVGEQGSVIIPKALRDVIGIKPGEVIEVLLL-----,7,79,1,9
2h0v_A,338,10,336,173,2,TRUST,LPKEKMPYLLRSGEGERYLFGRQVATVMANGRSTGDLFEIVLLSGGKGDAFPLHVHKDTHEGILVLDGKLELTLDGERYLLISGDYANIPAGTPHSYRMQSHRTRLVSYTMKGNVAHLYSVIGNPYD-HAEHPPYASEEVSNERFAEAAAVADIVFLDEAKPACSAKLAELTE LPDGAVPYVLESGEGDRLLTGDQLHRIVAAQKNTDGQFIVVSSEGPKGDRIVDHYHEYHTETFYCLEGQMTMWTDGQEIQLNPGDFLHVPANTVHSYRLDSHYTKMVGVLVPGLFEPFFRTLGDPYEGHIF--PCEPQALRFDRILQNIEALDLKVM----------------,9,335,1,1
2h6g_B,437,72,375,65,6,HHREPID,VLQREKHFHYLKRGLRQLTDAYEC--LDASRPTLCYWILHSLELLDE---PIP------------ QIVATDVCQFLELCQS-PEGGFGGGPGQYPHLAPTYAAVNALCIIGT---EEAYD---------- IINREKLLQYLYSLKQ-PDGSFLMHVGGEVDVRSAYCAASVASLTNIITP--------------- -DLFEGTAEWIARCQN-WEGGIGGVPGMEAHGGYTFCGLAALVILKRERS--------------- -LNLKSLLQWVTSRQMRFEGGFQGRCNKLVDGCYSFWQAGLLPLLHR---ALHAQGDPALSMSHW MFHQQALQEYILMCCQCPAGGLLDKPGKSRDFYHTCYCLSGLSIAQH------------------,572,875,1,1
2hps_A,186,15,166,45,4,HHREPID,MKTRMQRVDVTGDGFISREDYELIAVRIAKIAKLSAEKAEETRQE FLRVADQLGLAPGVRISVEEAAVNATDSLLKMKGEEKAMAVIQ-- SLIMYDCIDTDKDGYVSLPEFKAFLQAVGPDLTDDK--------- AITCFNTLDFNKNGQISRDEFLVTVNDF-----------------,15,166,1,1
2hz8_A,115,4,114,34,4,TRUST,LRELLKAEQQAIKIYKEVLKKAKEGDE-QELARL IQEIVKAEKQAVKVYKEAAEKARNPEK-RQ---V IDKILEDEEKHIEWLK-AASKQGNAEQFAS---L VQQILQDEQRHVE---EIEKK-------------,4,114,1,1
2i1p_A,48,6,31,13,2,TRUST,NCTSAQFKCADGS SCINSRYRCDGVY,1187,1212,0,2
2i4r_A,102,31,74,22,2,TRUST,DIYEVTSDEEIVKAVEDVLKRD DVGVVIMKQEYLKKLPPVLRRE,23,66,1,1
2iie_A,204,26,184,57,3,TRUST,DAVKEMLEHM---ASTLAQG-GSGGLTKAEMSEYLFDKLGLS-KRDAKELVELFF-- EEIRRALEN---GEQVKLSGFGNFDLRDKNQRPGRNPKTGEDIPITARRVV-TFRPG QKLKSRVENAGGGERIEIRGFGSFSLHYRAPRTGRNPKTGDKVELEGKYVP-HFKPG,26,184,0,2
2j4m_A,100,3,98,51,2,TRUST,ACWAQSQGYNCCNNPSSTKVEYTDASGQWGVQNGQWCGIDYSYGQN-QGNE SC-TGNGSYPCCN---TCQATYTDGDGDWAFENGNWCGIKNSCKQQPQNN-,3,98,1,8
2jee_A,81,13,75,7,9,HHREPID,AKVQQAI DTITLLQ MEIEELK EKNNSLS QEVQNAQ HQREELE RENNHLK EQQNGWQ ERLQALL,13,75,1,4
2jnf_A,158,1,154,49,4,TRUST,MG-DVSKLSS-NQVKLLETAFRD----FETPEGSGRVSTDQI-GIILEV LGIQ--QTKS-T----IRQLIDE----FD-PFGNGDIDFDSFKIIGARF LG-E--EVNPEQ----MQQELREAFRLYD-KEGNGYISTDVMREILAE- LD-E--TLSSED----LDAMIDE----ID-ADGSGTVDFEEFMGVM--T,1,154,1,1
2jnx_A,134,3,132,46,4,TRUST,EA----L-----FKQL---DANGDGSVSYEEVKAFVSS--KRPIKN EQLLQLI-----FKAI---DIDGNGEIDLAEFTKFAAAVKEQDLSD EK----VGLKILYKLM---DADGDGKLTKEEVTTFF----KK-FGY EK----V-----VDQIMKADANGDGYITLEEFLAF-----------,3,132,1,1
2jqv_A,165,54,106,14,4,TRUST,IVS-SDSGKVNGKV ITGVSDAELNNFDV IEG-NDYERVTVEV VRM-DNSEKVKVET,54,106,0,2
2jsw_A,189,12,186,51,4,TRUST,AENELLGAAAAIEAAAKKL-EQLKPRAKPKEADESLNFEEQILEAAKSIAA ATSALVKAAS---AAQRELVAQGKVGAIPANALDDGQWSQGLISAARMVAA ATNNLCEAANA---------------AVQGHAS-----QEKLISSAKQVAA STAQLLVACKV--KADQDS-EAMKRLQAAGNAVK--RASDNLVKAAQKAAA,2305,2479,1,1
2jua_A,102,2,101,28,4,HHREPID,-YGKLNDLLEDLQEVLKHVNQHWQG--- GQKNMNKVDHHLQNVIEDIHDFMQGGGS -GGKLQEMMKEFQQVLDEIKQQLQG--- GDNSLHNVHENIKEIFHHLEELVH----,2,101,1,7
2jxw_A,75,2,74,42,2,HHREPID,PSKGRWVEGITSEGYHYYYDLISGASQWEKPEGFQGDLKKTA -VKTVWVEGLSEDGFTYYYNTETGESRWEKPD----------,2,74,1,8
2jzl_A,114,14,112,57,2,HHREPID,RTILFARLRREDGEWNDASYELDQIIGNNDGHFQWGGQNFTETAEDIRFHPKEGAAE QPILRARLRDCNGEFHDRDVNLTEIVENVNGEFQARIEVRDN---------------,11,109,0,2
2jzx_A,160,1,157,91,2,TRUST,KNVT-----------------LTIRLLMHGKEVGSIIGKKGESVKKMREESGARINISEG----NCPERIITLAG-PTNAI--FKAFAMII DKLEEDISSSMTNSTAASRPPVTLRLVVPASQCGSLIGKGGCKIKEIRESTGAQVQVA-GDMLPNSTERAITIAGIPQSIIECVKQICVVM,10,166,1,8
2k37_A,59,11,55,15,3,TRUST,LAAAGRIFEVMVEGH WETVGMLFDSLGKGT MRINRNAYGSMGGGS,11,55,1,4
2k8e_A,130,21,121,51,2,TRUST,FELSKSSDNQFRFVLKAGNGETILTSELYTSKTSAEKGIASVRSNSPQEER YEKKTASNGKFYFNLKAANHQIIGSSQMYATAQSRETGIASVKANGTS-QT,21,121,1,8
2kcn_A,55,27,50,10,3,TREKS,KCPKFD--NK KCTK-D--NN KCTV-DTYNN,27,50,0,0
2khm_A,140,48,63,8,2,TRUST,AASSRVSS AVSSLVSS,48,63,1,4
2kk7_A,52,13,44,11,3,TRUST,#NOM?,13,44,1,1
2kpo_A,110,5,100,53,2,HHREPID,VLIISNDKKLIEEARKMAEKANLEL--RTVKTEDELKKYLEEFRKESQNIKVL -ILVSNDEE-LDKAKELAQKMEIDVRTRKVTSPDEAKRWIKEFSEEG------,5,100,1,8
2kq5_A,51,1,51,35,2,HHREPID,EQVVAIASNIGGKQALETVQRLLPVLCQAHGLTPE -QVVAIASHDGGKQALE------------------,1,51,0,2
2ksg_A,48,11,43,11,3,TRUST,AKKAVGGLGKL GKDAVEDLESV GKGAVHDVKDV,11,43,0,2
2kui_A,275,5,273,76,5,HHREPID,------------------------------------ITR-DVQVPDVRGQSSADAIATLQNRGFKI---RTL---- --QKPDSTIPPDHVIGTDPAANTSVSAGDEITVNVSTGPEQREIPDVSTLTYAEAVKKLTAAGFGR---FKQANS- ----PSTPELVGKVIGTNPPANQTSAITNVVIIIVGSGPATKDIPDVAGQTVDVAQKNLNVYGFTK---F------ SQASVDSPRPAGEVTGTNPPAGTT,356,624,1,7
2kxq_A,90,8,87,46,2,HHREPID,PDLPEGYEQRTTQQGQVYFLHTQTGVSTWHDPRVPRDLSNINCEEL GPLPPGWEIRNTATGRVYFVDHNNRTTQFTDPRL------------,251,330,1,9
2kyw_A,87,9,81,37,2,TRUST,YVDDD-KGGAQVGDIVTVTGKTDDSTTYTVTIPDGYE YVGTDGGVVSSDGKTVTITFAADDSDNVVIHLKHGLE,9,81,0,2
2l69_A,134,2,111,58,2,HHREPID,NIVIVVFSTDEETLRKFKDIIKKNGFKVRTVRSPQELKDSIEELVKKYNATIVVVVVD QVLIIIYDQDQNRLEEFSREVRRRGFEVRTVTSPDDFKKSLERLIREVGSLE------,2,111,0,2
2l7a_A,131,20,118,36,3,TRUST,QATDTILTVTENIFSSMGDAG-E----MVRQARILA QATSDLVNAIK-A-DAEGESDLENSRKLLSAAKILA DATAKMVEAAKGA-AAHPDSE-EQQQRLREAAEGLR,800,898,1,1
2l7b_A,307,35,297,22,13,HHREPID,----------ELALGRFWDYLR WVQTLSEQVQEELLSSQVTQ-- ELRALMDETMKELKAYKSELEE QLTPVAEETRARLSKELQAAQA RLGADMEDVCGRLVQYRGEVQA MLGQSTEELRVRLASHLRKLRK RLLRDADDLQKRLAVYQAGARE GAERGLSAIRERLGPLVEQGRV RAATVGSLAGQPLQERAQAWGE ----RLRARMEEMGSRTRDRLD EVKEQVAEVRAKLEEQAQQIRL QA,27,289,0,5
2l82_A,162,9,156,77,2,HHREPID,SSDPEILKEIVREIKRQGVRVVLLYSDQDEKRRRERLEEFEKQGVDVRTVEDKEDFRENIREIWERYPQLDVVVIVT TDDKEWIKDFIEEAKERGVEVFVVYNNKDDDRRKEAQQEFRSDGVDVRTVSDKEELIEQVRRFVRKVGSLE------,9,156,1,8
2lgp_A,94,5,91,49,2,HHREPID,LTCGPASFQCNSSTCIPQLWACDNDPDCEDGSDEWPQRCRGLYVFQGDS SPCSAFEFHCLSGECIHSSWRCDGGPDCKDKSDE--ENCA---------,125,211,1,8
2lht_A,122,5,112,53,3,HHREPID,----------DPPTQYGYDGKPLDASFCRTAGSREKDCRKDVQACDKKYDD-Q ACAKGIREKYKPAVVYGYDGKPLDLGFCTLAGIREVDCRKDAQTCDKKYESD- KCLNAIKEKYKPVV---------------------------------------,30,137,0,2
2llw_A,71,15,64,13,5,HHREPID,RAMKDPEVA---- AIMQDPVMQSILQ QAQQNPAALQ--- EHMKNPEVF---- KKIQTLIAA----,533,582,0,0
2lni_A,133,4,105,34,3,TRUST,HHHHHSHMNPDLALMVKNKGNECFQKGDYPQAMK HYTEAIKRNPKDAKLYSNRAACYTKLLEFQLALK DCEECIQLEPTFIKGYTRKAAALEAMKDYTKAMD,4,105,1,1
2lt7_A,133,23,111,33,3,TRUST,YICIVCKRSYVCLTSLRRH-FNIH----SWEKK YPCRYCEKVFPLAEYRTKH-EIHH----TGERR YQCLACGKSFINYQFMSSHIKSVHSQDPSGDSK,494,582,1,1
2lta_A,110,2,102,26,4,TRUST,GSKIIVIISSDD-TTLEELARKIKDE GLEVYILLKDKDEKRLEEKIQKLKSQ GFEVRKVKDDDDIDKWIDKIKKERPQ -LEVRKVTDEDQAKQILEDLKK-KGS,2,102,0,5
2lvs_A,105,8,100,58,2,HHREPID,LDIVEKLYKDGVPVKEIAKRSNNSMSTVYKALEKLEAMGRIKRRKGRYRQHRRLTEEE LATIRELYLKGATVYEIARQLGRPESTIYYALKKL-----------------------,8,100,1,8
2ly1_A,180,4,178,103,2,TRUST,DE----------------------------VQNRIKEILDKHNNGIWISKLPHFYKEFYKEDLNQGVLQQFEHWPHICTVEKPCGGGQDSLLYPARREQPLKS DQDPEKELPPPPPAPKQEVPSQGSPAVMPDVKEKVAELLGKYSSGLWASALPKAFEDMYKVKFPEDALKNLASLSDVCTINYISGNTQKAILY-AK--LPLPT,257,431,1,9
2lyv_A,197,5,186,91,2,TRUST,SESPKEPEQLRKLFIGGLSFETTDESLRSHFEQWGTLTDCVVMRDPNTKRSRGFGFVTYATVEEVDAAMNARPHKVDGRVVEPKRAVSRED SQRPGAHLTVKKIFVGGIKEDTEEHHLRDYFEQYGKIEVIEIMTDRGSGKKRGFAFVTFDDHDSVDKIVIQKYHTVNGHNCEVRKALSKQE,4,185,1,9
2nps_A,74,13,61,7,7,HHREPID,VQNQVDE VIDVMQE NITKVIE RGERLDE LQDKSES LSDNATA FSNRSKQ,57,105,1,4
2nx6_A,27,9,27,4,5,TREKS,PSCS PSCA PQCS QQCC QQ-P,9,27,0,2
2o13_A,58,1,54,27,2,TRUST,KCPRCGKSVYAAEKVMGGGKPWHKTCF RCAICGKSLESTNVTDKDGELYCKVCY,119,172,1,8
2o6x_A,310,160,204,23,2,TRUST,LMENAYQYLKQFGLETESSYPYT AVEGQCRYNKQLGVAKVTGF-YT,167,211,0,2
2ok5_A,752,36,218,74,3,HHREPID,-----LLQEGQALEYVCPSGFYPYPVQTRTCRSTGSWSTLKTQDQKTVRKAECRAIHCPRPHDFENGEYWPRSP -----YYNVSDEISFHCYDGYTLRGSANRTCQVNGRWSGQTAICDNG-------AGYCSNPGIPIGT------- RKVGSQYRLEDSVTYHCSRGLTLRGSQRRTCQEGGSWSGTEPSCQD--------SFMYDTPQEVAEA-------,26,208,0,2
2oqq_A,42,6,33,14,2,TRUST,SELENRVKDLENKN SELEERLSTLQNEN,6,33,1,4
2ov6_A,101,22,97,26,3,TRUST,KVYETPDIPATESAVRSVLEDKSVGI LVMHNDDIGNLPEVLRKNL-NESVQP TVVALGGSGSGSTSLREKI-KQAVGV,22,97,0,2
2ozy_A,163,22,160,36,5,TRUST,AACLDCHK--PDTEGMHG-KHASVIN----PNNKLP VTCTNCHGQ-PSPQHREGVKDVMRFNEPMYKVGEQN SVCMSCH-L-P-----EQLQKAFWPH----DVHVTK VACASCHSLHP-----QQ-DTMQTLS----DKGRIK I-CVDCHSD-Q-----RT-NPNFNPA----SVPLLK,22,160,0,2
2p4h_X,322,253,290,19,2,TRUST,IVPIEEMSQLLSAKYPEYQ ILTVDELKEIKGARLPDLN,257,294,0,2
2p6j_A,52,1,44,15,3,TRUST,MKQWSENVEEKLKEF VKRHQRITQEELHQY AQR-LGLNEEAIRQF,1,44,0,2
2p6r_A,702,555,582,14,2,TRUST,DWFLSEVKTALCLK DWIEEKDEDEICAK,555,582,0,2
2q0t_A,263,1,254,128,2,TRUST,GMTQTTPQPDPSR--LRDELVRLHGKASPEWDSLVRLDPRFVDAYLKFAGVPQRRNHLDDKTRAFIALAADACATQLYAPGVARHIERALSFGATREELIEVLELVSTIGIHTSNVGVPVLLEVLEEE GLRKGAPPLDERRQKLKAEFETNRGYWHPTWEGLLELDPDLFEAYVEFSSVPWRTGVLSPKIKEFMYCAFDASATHLYVPGLKLHIRNALRYGATAEELMELLEIVSVTGIHGAELGAPLLEAALKRS,0,253,1,9
2qcs_B,291,1,287,130,3,TRUST,KGRRRRGAISAEVYTEE---DAASYVRKVIP-KDYKTM--AALAKAIEKNVLFSHLDDNERSDIFDAMFPVSFIAGETVIQQGDEGDNFYVIDQGEMDV---YVNNEWATSVGE-GGS--FGELALIYGT ---PRAATVKAKTNVKLWGIDRDSYRRILMG-STLRKR--KMYEEFLSKVSILESLDKWERLTVADALEPVQFEDGQKIVVQGEPGDEFFIILEGSAAVLQRRSENEEFVEVGRLGPSDYFGEIALLM-- -NRPKAATVVARGPLKCVKLDRPRFERVLGPCSDILKRNIQQYNSFVS----------------------------------------------------------------------------------,90,376,0,2
2qnd_A,144,4,137,73,2,TRUST,FHEQFI-VREDLMGLAIGTHGANIQQARKVPGVTAIDL----------DEDTCTFHIYGEDQDAVKKARSFLE FAEDVIQVPRNLVGKVIGKNGKLIQEIVDKSGVVRVRIEAENEKNVPQEEGMVPFVFVG-TKDSIANATVLLD,4,137,1,8
2qpq_A,301,108,192,29,3,TRUST,VPAGSKYKTLGELM-AAAKQTNTQVTYGS CGNGTPQHLAGELLNVSAKTHMVHVPYKG CGPALND-VLGSQIGLAVVTASSAIPFIK,108,192,0,2
2r01_A,210,65,131,23,3,TRUST,GADMSDKVFPCLKWAGYLE-DWP GPEPGERPAAALVMLCRNE-DLP GAACDSGIAAQTIMLGAAEKELG,64,130,0,2
2r0x_A,158,17,141,64,2,TRUST,SAVHIVTTSGETGQHGFTASAVCSVTDSPPTL---LVCINSNARAYEHFVKNRVLMVNTLTAEQ SSLSNIFASPLSQEERFSNASWTTLTTGSPMLQDALINFDCEITEIKHVGTHDILICKIVDIHQ,16,140,0,2
2raq_A,97,32,59,14,2,TRUST,RGVEGVNITLMEID KETENIKVTIQGND,32,59,1,1
2ras_A,212,109,136,14,2,TRUST,KLQTYIEVGNDYFE QVRSYIDLADHYLG,108,135,1,1
2rpc_A,155,29,149,37,4,TRUST,KSC---DRTFSTMHELVTHVTMEHVGGPEQNNHVCYW EECPREGKSFKAKYKLVNHIRV-HTG---EKPFPCPF PGC---GKIFARSENLKIHKRT-HTG---EKPFKCEF EGC---DRRFANSSDRKKHMHV-HTS---DK------,29,149,0,2
2rsi_A,92,6,88,30,3,TRUST,SGKPYKCPQC--SYASAIKANLNVHL-RKH TGEKFACDYC--SFTCLSKGHLKVHIERVH KKIKQHCRFCKKKYSD-VKNLIK-HIRDAH,6,88,1,1
2vc9_A,891,87,125,13,3,TRUST,DNVSDSNGNMHTI DNVRAGKIRIDVV QNSNSDRVNIAEI,112,150,0,2
2vpw_B,195,7,143,66,4,HHREPID,---AIDLSLCVGCA---------ACAVACKMENEV--------PPGVFNLWIREREVGEYPNLVVE ----FRPEQCLHCENP-------PCVPVCPTGASYQ-------TKD-------------------- GLVLVDPKKCIACG---------ACIAACPYDARYLHPAGYVS----------------------- --------KCTFCAHRLEKGKVPACVETCPTYCRTFG-----------------,7,143,0,2
2vsa_A,841,259,830,80,12,TRUST,L-LNN-----NSLNVIQNSEYQIKNKK--------DRNI--------VVTLDSDY--G-GSPVE-SYKNFGFEN---QKW N-IK--------YDSKKN-AYKIYNRETPTLLLSWNSNS--------S---------N-GEQVIRGYTESGSNN---QYW T-IEKNVNGFYKFRNLSDPS-KILDLK--------DGNT--------L---------N-KTPLV-VSSENSSSS---QEW L-IEK-----TNYQTVKDGTYQVSSKL--------NENK--------VIEQI-----S-TNKVH-IFSNSDKEN---QVW N-L--------IYNPILK-AYKIKSLK--------YPNYSLAWD---S---------N-NTRTI-VAATGDYND---QYW L-IER--------N--EDNTYIIRNYE--------NRKI--------VLDLSNGSTTD-GNGLL-GFEFHGGIN---QRW I-IKP-----FSFNSIQDGIYQFMTVI--------NQDL--------IADLTT----N-NYTIA-TKTNNYSSN---QKW T-V--------TYND-KKRAYKIRNLQ--------HAHLSLAWD---S---------N-HSDKI-FGATGDYDD---QYW IPILQ-----T------DGSFIFRNYK--------NPNKIFGTNGQPI---------N-DIPLK-AQDVTGQNN---QKW Y-LRH-----LNSSNNFTGYFNISSKK--------NFNK--------IITMNS----N-KTQAV-IFDNIGINN---QSW K-LK--------YNDNKN-AYQIHILD--------NFLY--------F---------QGGHNIV-ATMRNVTNDDLRSYW Y-VE--------YNFNKDG-FIIRNAF--------DTSY--------VLDVFQGNFAN-NTPII-TYQNYLNDN---QLW,288,859,1,1
2wqd_A,572,535,566,16,2,TRUST,ARRQINGLSKNEMTEL ANRAVDCATQEEVIEL,535,566,0,2
2x43_S,67,3,66,22,3,TRUST,QETRDQMKNAAAEAKDNVHDKI QELKDDVGNKAAEVRDAVSSTV ESIKDKLSGGSS-SR-ASSYTL,3,66,0,2
2xgf_A,242,142,226,21,8,HHREPID,NGEHSHYIEAWNGTGVGGNKM --SSYAISY------------ RAGGSNTNA------------ AGNHSHTF-SFGTSS------ AGDHSHSVG------------ IGAHTHTVA------------ IGSHGHTIT------------ VNSTGNT--------------,926,1010,1,1
2xhc_A,352,53,212,60,3,HHREPID,----ERLILSPKA--KLHVNNGKDVNKGDLIAEEPPIYARRSGVIVDVKNVRKIVVETID RKYTKTYYIPESAGIEPGLRVGTKVKQGLPLSKNEEYICELDGKIVEIERMKKVVVQTPD GEQ-DVYYIPLDVFDRDRIKKGKEVKQGEMLAEARKFFAKVSGRVEV-------------,53,212,0,2
2xnj_A,266,236,256,7,3,TRUST,MVRDTQQ LLKETRQ MTKHLRR,226,246,0,2
2xv9_A,134,21,130,56,2,HHREPID,-LSQEQKDELLKMKKDGKAKKELEAKILHYYDELEGDAKKEATEHLKGGCREILKH VVGEEKAAELKNLKDSGASKEELKAKVEEALHAVTDEEKKQYIADFGPACKKIYG-,16,125,1,9
2xy1_A,192,1,189,102,2,TRUST,SM---PAISMPQKSFNATAERGEEMTFSCRASGSPEPAISWFR--NGKLIEENEKYI-----LKG--SNTELTVRNIINSDGGPYVCRATNKAGEDEKQAFL QVFVQPHI-IQLKN-ETTYENG-QVTLVCDAEGEPIPEITWKRAVDGFTFTEGDKSLDGRIEVKGQHGSSSLHIKDVKLSDSGRYDCEAASRIGGHQKSMYL,207,395,1,8
2y1s_A,108,3,108,56,2,TRUST,NFSHTCSSINYDP---DSTI-LSAECQARDGEWLPTELRLSDHIGNIDGELQFGDQ NFQETCQDCRLEFGDGEQSVWLVCTCQTMDGEWKSTQILLDSQIDNNDSQLEIG--,3,108,1,9
2y38_A,403,266,394,72,2,TRUST,CVCHGHADVC------DAKDPLDPFR--LQ----C-ACQHNTCGGSCDRCCPGFNQQPWKPATTDSANECQS CNCHGHAYDCYYDPEVDRREASQNQDNVYQGGGVCLDCQHHTTGINCERCLPGFFRAPDQP--LDSPHVCRP,305,433,0,13
2ymu_A,577,10,577,41,14,HHREPID,-NRLEAHSSSVRGVAFSPDGQTIASASDDKTVKLWNRNGQL LQTLTGHSSSVWGVAFSPDGQTIASASDDKTVKLWNRNGQL LQTLTGHSSSVRGVAFSPDGQTIASASDDKTVKLWNRNGQL LQTLTGHSSSVWGVAFSPDGQTIASASDDKTVKLWNRNGQL LQTLTGHSSSVWGVAFSPDGQTIASASDDKTVKLWNRNGQL LQTLTGHSSSVRGVAFSPDGQTIASASDDKTVKLWNRNGQL LQT,10,577,1,7
2yvx_A,473,30,150,17,10,HHREPID,VSLQEALQEGDT----- RALREVLEEIHP----- QDLLALWDELKG----- EHRYVVLTLLPK----- AKAAEVLSHLSP----- EEQAEYLKTLPP----- WRLREILEELSL----- DDLADALQAVRKEDPAY --FQRLKDLLDP----- RTRAEVEALA-------,7,127,1,1
2yzi_A,138,6,127,65,2,HHREPID,----KAPIKVYMTKKLLGVKPSTSVQEASRLMMEFDVGSLVVINDDGNVVGFFTKSDIIRRVIVP GLPYDIPVERIMTRNLITANVNTPLGEVLRKMAEHRIKHILIEE-EGKIVGIFTLSDLLEAS---,7,128,1,7
2zx0_A,195,2,195,100,2,TREKS,IS-ITCEGSDALLQCDGAKIHIKRANYGRRQHDVCSIGRPDNQLTDTNCLSQSSTSKMAERCGGKSECIVPASNFVFGDPCVGTYKYLDTKYSCVQQQET ISSIICEGSDSQLLCDRGEIRIQRANYGRRQHDVCSIGRPHQQLKNTNCLSQSTTSKMAERCDGKRQCIVKVSNSVFGDPCVGTYKYLDVAYTC----D-,2,195,1,8
3a07_A,118,8,117,38,3,HHREPID,TIRNAQTGRLLDSNYNGNVYTLPANGGNYQRWTGPGDG TVRNAQTGRCLDSNYDGAVYTLPCNGGSYQKWLFYSNG YIQNVETGRVLDSNYNGNVYTLPANGGNYQKWYT----,50,159,1,1
3a1y_A,58,9,57,17,3,TRUST,LLHS-VGKEINEENLKA VLQA-AGVEPEEARIKA LVAALEGVNIDEVIEKA,9,57,0,2
3a35_A,190,2,179,97,2,TRUST,FK---------------GIVQGAGIIKKISKNDDTQRHGITFPKDILESVEKGTVMLVNGCSLTVVRISGDVVYFDIDQAIN-TTTFRELEVGNKVN LEVRPEFGSLLGKGALTGNIKGVATVDNITEEEDRLKVYIKIPKDLIENILSEDHIGINGVSHSIEEISDDIIFINYPKNLSITTNLGTLEKGSDVN,2,179,1,9
3akb_A,166,4,158,57,4,HHREPID,RRIAARFTTFDQDGNGHIDRSDFSGAAK--------AMLAEFGVAARSDRGQALYGG ALWQGLAGIADRDGDQRITREEFVTGAVK-------RLRDKPDRFAEMAR------- PFLHAALGVADTDGDGAVTVADTARALTAFGVPEDL--------------------- --ARQAAAALDTDGDGKVGETEIVPAFAR----------------------------,8,162,0,2
3b1j_A,339,201,257,15,4,TRUST,ARAAAVNIVPTTTGA AKAVAL-VIPELKGK LNGIAL-RVPTPNVS VVDLVV-QVEKPTIT,201,257,0,2
3c0f_B,91,45,64,10,2,TRUST,GYRAPEVYCC GEKPWEVYAC,49,68,0,2
3cz3_A,70,14,52,13,3,TRUST,RKLERMNQKKQAQ RKRHKLNRKERGH KSPSEQRRSELWH,13,51,0,2
3d2q_A,70,5,66,36,2,HHREPID,------RLEVCREYQRGNCNRGENDCRFAHPADSTM IDTNDNTVTVCMDYIKGRCSRE--KCKYFHPPAH--,181,242,1,9
3dtp_B,973,859,970,14,15,HHREPID,MASMKEE------- FTRLKEA------- LEKSEAR------- RKELEEK------- MVSLLQE------- KNDLQLQ------- VQAEQDN------- LADAEER------- CDQLIKN------- KIQLEAK------- VKEMNER------- LEDEEEMNAELTAK KRKLEDE------- CSELKRD------- IDDLELT-------,860,971,1,4
3edv_A,323,2,317,115,3,TRUST,SHMRHRLFQLNRE----VDDLEQWIAEREVVAGSHELGQDYEHVTMLQERFREFARDTGNIGQERVDTVNHLADELINSGHS-DAATIAEWKDGLNEAWADLLELIDTRTQILAA SYELHKFYHDAKEIFGRIQDKHKKL--PE------ELGRDQNTVETLQRMHTTFEHDIQALGTQ-VRQLQEDAARLQAAYAGDKADDIQKRENEVLEAWKSLLDACESRRVRLVD TGDKFRFFSMVRDLMLWMEDVIRQI-EAQ------EKPRDVSSVELLMNNHQGIKAEIDARNDS-FTTCIELGKSLLARKHY-ASEEIKEKLLQLTEKRKEMIDKWEDR------,-3,2009,1,1
3efz_A,268,97,141,15,3,TRUST,SLNNEFIQVIEDIKR DFEESILLESEDVIR IIDDNLLMYSEEGAR,97,141,0,2
3f41_A,629,48,622,311,2,TRUST,KIDRADVNQLPRNFR-MGS--DKYVGVTKTG----IMPTRKGMDTMNVSASSCFSEKELEAILKKVPVKPSQ----FYDVDLRGESHGYLNGTAVSWFANHDWGNDGRTEDIIIPLEKEQLASLKGSTVKSIYRFDDKKNVILSPVYVNYNKVRTEEEMVKQHGANYFRLTLQDHFRPDDPDVDKFLEFYKSLPKDAWLHYHCYAGMGRTTIFMVMHDILKNAKDVSFDDIIQRQKLIGIVDLS-EI----PDK-KKNYGRKAYIERYQFVQHFYDYVKEN-PD-LKTPYSVWAKKNKVNSWEPDYNGYIW RLDTKDRNQLPRNFRTMNSAFRTDVNVKKTGKGFTPTPTRKGLDTLYMSGSAEFSNGELQAML---PVLKQQAKGPIYIMDLRQETHGVFNGNAVSWYGLRDWGNLGKNKAEVLKDENSRLNAARGKSL--IVAELDKDKMPIDPKPVKIESVMTEQQLVEKNGLHYYRIAATDHIWPSAANIDEFINFTRTMPANAWLHFHCQAGAGRTTAYMAMYDMMKN-PDVSLGDILSRQYLLGGNYVAYEIAKPKPDQWKADY----YHQKAHMIEKFYQYVQENHADGFKTSWSQ------------------W,59,633,1,9
3f85_A,463,1,453,151,3,TRUST,MIDLLQADGNALPSAVKLAYSPASKTFESYRVMTQVHTNDATKKVIVKLADTPQLTDVLNSTVQMPISVSWGGQVLSTTAKEFEAAALGYSASGVNGVSSSQELVISAAPKTAGTAPTAGNYSGVVSLVMTLGSDNKQVEKNITVTASVDP VIDLLQADGNALPSAVKLAYSPASKTFESYRVMTQVHTNDATKKVIVKLADTPQLTDVLNSTVQMPISVSWGGQVLSTTAKEFEAAALGYSASGVNGVSSSQELVISAAPKTAGTAPTAGNYSGVVSLVMTLGSDNKQVEKNITVTASVDP VIDLLQADGNALPSAVKLAYSPASKTFESYRVMTQVHTNDATKKVIVKLADTPQLTDVLNSTVQMPISVSWGGQVLSTTAKEFEAAALGYSASGVNGVSSSQELVISAAPKTAGTAPTAGNYSGVVSLVMTLGSDNKQVEKNITVTASVDP,1,453,1,1
3fes_A,145,7,143,74,2,HHREPID,RFTQRAKKAIDLAFESAKSLGHNIVGSEHILLGLLREEEGIAAKVLSKVGFTEAYLEGKIVDMEGKGEEISEDI VLSPRSKQILELSGMFANKLKTNYIGTEHILLAIIQEGEGIANKILNYAGVNDRTLAQLTIDM-----------,4,140,1,8
3fid_A,296,245,294,26,2,TRUST,TVDINKTVDEYRVGATIGY--SPVAF SLSLNKVTSEFRTGDDYSYINGDITF,245,294,1,7
3fpp_A,341,73,152,24,9,HHREPID,EVEATLM----------------- ELRAQRQ----------------- QAEAELKLARVTYSRQQRLAQTQA VSQQDLD----------------- NAATEMA----------------- VKQAQIG----------------- TIDAQIK----------------- RNQASLD----------------- TAKTNLD-----------------,103,182,1,4
3frv_A,152,24,51,14,2,TRUST,KIRKEMRVVDRQIR DIQREEEKVKRSVK,22,49,1,4
3g67_A,213,136,205,7,10,HHREPID,VEKAREI LESSQRS LENLEFM ANLFETV GKTLQNM VRFMENN VKLLQEV RNSLDTS KESLSEK SAEIDSA,176,245,1,4
3g67_A,213,23,71,7,7,HHREPID,FQAKSDQ LVSVIQD MEKISEN IMEELKK SGTNVDQ IVERVKE ASSQIGE,63,111,1,4
3g7f_M,323,301,319,10,2,TRUST,AAPDYPAYLP ATPD-PASLP,301,319,0,2
3gt7_A,154,14,41,14,2,TRUST,EDSPTQAEHLKHIL EETGYQTEHVRNGR,18,45,0,2
3gvm_A,98,51,92,7,6,HHREPID,DSFEAQF NELSPKI TEFAQLL EDINQQL LKVADII EQTDADI,50,91,1,4
3hah_A,325,192,219,14,2,TRUST,QDKVDKCKQDVQKT QEKYEKVLEDVGKT,192,219,1,4
3he5_A,49,9,43,7,5,HHREPID,ENEVASL ENENETL KKKNLHK KDLIAYL EKEIANL,7,41,1,4
3he5_B,52,11,45,7,5,HHREPID,KIARLKK DNLQLER DEQNLEK IIANLRD EIARLEN,9,43,1,4
3hia_A,94,16,76,22,3,TRUST,TG-WKQEN-GMWYFYNTDGSMA TG-WVQVN-GSWYYLNSNGSMK VNQWFQV-GGKWYYVNTSGELA,51,111,1,1
3hq8_A,345,132,153,11,2,TRUST,QAPKEMNNTPD QVVKTLNSIPD,132,153,0,2
3htk_A,60,11,52,21,2,TRUST,ENQVEELTEKCSLKTDEFLKA KEKINEIFEKLNTIRDEVIKK,314,355,1,4
3hx4_A,508,350,499,48,4,TRUST,SKLTSQDETKE-LTAIFHKMDKNGDGQLDRAELIEGYKELMRMKGQDA SMLDASAVEHEV-DQVLDAVDFDKNGYIEYSEF-----VT-------V AMDRKTLLSRERLERAFRMFDSDNSGKISSTE-------L-------A TIFGVSDVDSETWKSVLSEVDKNNDGEVDFDEF-----Q---------,349,498,0,2
3i00_A,120,10,80,25,3,TRUST,KDEKDHLIERLYREISGLKAQLENM KTESQRVVLQLKGHVSELEADL--- -AEQQHLRQQAADDCEFLRAELDEL,370,440,1,4
3ije_B,695,446,627,63,5,HHREPID,------HRCNNGNGTFECGVCRC-GPGW----LGSQCECSE-----EDYRPSQQDECSPREGQ ------PVCS-QRGECLCGQCVC-HSSDFGKITGKYCECD------DFS-------------- CVRYKGEMCS-GHGQCSCGDCLC-DSDW----TGYYCNCTTRTDTC----------------- -MSSNGLLCS-GRGKCECGSCVCIQPGS----YGDTCEK-------CPTCPD-----------,446,627,1,12
3ikm_A,1172,426,515,46,2,TRUST,QEFKQKKAKK--VKKEPATASKLPIEGAGAPGDPMDQEDLGPCSEE EEFQQDVMARACLQKLKGTTELLPKRPQHLPGHPGWYRKLCPRLDD,493,582,0,2
3io2_A,114,12,89,31,3,TRUST,SIQRAIQSLVHAAQC-RNANCSLPSC----Q KMKRVVQ---HTKGCKRKTNGGCPIC----K QLIALAAY--HAKHC-QENKCPVPFCLNIKQ,1734,1811,0,2
3iox_A,497,4,109,15,14,HHREPID,EADYQAK-------- LTAYQTE-------- LARVQKA-------- NADAKAAYEAAVAAN NAANAAL-------- TAENTAI-------- KKRNADA-------- KADYEAK-------- LAKYQAD-------- LAKYQKD-------- LADYPVK-------- LKAYEDE-------- QTSIKAA-------- LAELEKH--------,389,494,1,4
3iuc_A,408,270,297,14,2,TRUST,KKTGKDVRKDNRAV QKLRREVEKAKRAL,272,299,0,2
3izq_1,611,416,512,25,4,TRUST,NDLALVSGKLESGSIQPGESLTIYP SEQSCIVDKIQVGS-QQGQSTNHEE TDVAIKGDFVTLKL-RKAYPEDIQN GDLAASVDYSSIHS-AQCFVLELTT,416,512,0,2
3k44_A,146,3,145,78,2,HHREPID,QELATKMLQIQSKRFYLDVKQNRRGRFIKVAEIGA-DGRRSQIYLALSTAAEFRDHLSSFSDYYASLGPPNTDNLPED GKLKSEMMIKDYRRYYLDLKENARGRFLRVSQTITRGGPRSQIALPAQGMIEFRDALTDLLEEFGA------------,42,184,1,9
3kh5_A,280,12,277,95,4,TRUST,KKIVTVYPTTTIRKALMTMNENKYRRLPVVNAGNN-KVVGIITSMDIVDFMGGGSKYNLIREKH--------ERNFLA--AINEP----VREIME ENVITLKENADIDEAIETFLTKNVGGAPIVN-DEN-QLISLITERDVI-------------------------RALLDKIDENEV----IDDYIT RDVIVATPGERLKDVARTMVRNGFRRLPVVS--EG-RLVGIITSTDFI---------------KLLGSDWAFNHMQTG--NVREITNVRMEEIMK RDVITAKEGDKLKKIAEIMVTNDIGALPVV--DENLRIKGIITEKDVL---------------K-------------------------------,12,277,1,1
3kq4_B,457,1,455,120,4,TRUST,CGEILTESTGTIQSPGHPNVYPHGINCTWHILVQPNHLIHLMFETFHLEFHY-NCTNDYLEVYDTDSETS--LGRYCGKSIPPSLTSSGNSLMLVFVTDSDLAY-EGFLINYEAISAATA CLQDYTDDLGTFTSPNFPNNYPNNWECIYRITVRTGQLIAVHFTNFSLEEAIGNYYTDFLEIRDGGYEKSPLLGIFYGSNLPPTIISHSNKLWLKFKSDQIDTR-SGFSAYWDGSS--TG CGGNLTTSSGTFISPNYPMPYYHSSECYWWLKSSHGSAFELEFKDFHLEHHP-NCTLDYLAVYDGPSSNSHLLTQLCGDEKPPLIRSSGDSMFIKLRTDEGQQG-RGFKAEYRQTCENVV ---IVNQTYGILESIGYPNPYSENQHCNWTIRATTGNTVNYTFLAFDLEHHI-NCSTDYLELYDGPRQ----MGRYCGVDLPPPGSTTSSKLQVLLLTDGVGRREKGFQMQW--------,932,1386,1,1
3l8q_A,350,1,336,173,2,TRUST,MAPTSSIEIVLDKTTASVGEIVTAS--INIKNITNFSGCQLNMKYDPAVLQPVT-SSGVAYTKSTMPGAGTILNS-DFN-LRQVADNDLEKGILNFSKAYVSLDDYRTAAAPEQTGTVAVVKFKVLKEETSSISFEDTTSVPNAIDGTVLFDWNGDRIQSGYSVIQPAVINLD MTKASYITMGYDKNAAEVGEIIKATVKIN--KITNFSGYQVNIKYDPTVLQAVNPKTGVAYTNSSLPTSGELLVSEDYGPIVQ-GVHKISEGILNLSRSYTALEVYRASESPEETGTLAVVGFKVLQKKATTVVFEDSETMPNGITGTTLFNWYGNRIQSGYFVIQPGEIN--,1,336,1,8
3l95_X,244,9,125,42,3,TRUST,CQEDAGNKVCSLQCNNHACGWDGGDCSLNFNDPWKNCTQSLQ CWKYFSDGHCDSQCNSAGCLFDGFDCQRAEGQ--CNPLYDQY CKDHFSDGHCDQGCNSAECEWDGLDCAEHVPE--RLA-----,1455,1571,0,2
3lky_A,123,8,121,45,3,TRUST,GGSGGSPFSGSGLSSIAVRSGSYLD--AIIID---GVHHGGSGGN LSPTFTFGSGEYISNMTIRSGDYID--NISFETNMGRRFGPYGGS GGSA-NTLSNVKVIQINGSAGDYLDSLDIYYE-------------,8,119,1,1
3lnn_A,359,127,147,7,3,HHREPID,AKRDFEQ AQSDYDQ AASESQR,127,147,1,4
3lpw_A,197,2,194,98,2,TRUST,AMDTPGPPQDLKVKEVTKTSVTLTWDPPLLDGGSKIKNYIVEKRESTRKAYSTVATNCHKTSWKVDQLQEGCSYYFR-VLAENEYGIGLPAETAESVK ASERPLPPGKITLMDVTRNSVSLSWEKPEHDGGSRILGYIVEMQTKGSDKWATCAT-VKVTEATITGLIQGEEYSFR-VSAQNEKGISDPRQLSVPVI,2,194,1,8
3lqb_A,199,27,110,22,4,TRUST,SGE-FSINDKSVIANAISIFHA QTC-IRFVPRSIQADYLSIENK DGC-YSAIGRTGGKQVVSL-NR KGCVYSGIAQHELNHALGFYHE,27,110,0,2
3m3g_A,120,69,110,14,3,TRUST,SGHTIYVLAVDHAA SGFNIALDAMNALT GGQAVQLGRVSATA,87,128,0,2
3m7h_A,276,12,269,73,8,HHREPID,-----------------------VGTSVLPAY--QTL------------------------------------ SAGQYLLSP----NQRFKLLLQGDGNLVIQDNG-ATVWVANEQ--QPFSSTIPLRNK---------------- ---------------KAPLAFYVQYGAFLDDYSRRRV------------------------------------ WLTDNSTFTSNDQWNRTHLVLQDDGNIVLVDS-,12,269,0,2
3mql_A,220,1,209,77,4,TRUST,YGDCVTDSGVVYSVGMQWLKT-----QGNKQMLCTCLGNGVSCQETAVTQTYGGNSNGEPCVLPFTYN-GRT----F Y-SCTTE-G--RQDGHLWCSTTSNYEQDQKYSFC--------TDHTVLVQTRGGNSNGALCHFPFLYN-NHN----- YTDCTSE-G--RRDNMKWCGTTQNYDADQKFGFC------PMAAHEEICTT----NEGVMYRIGDQWDKQHDMGHMM RCTCVGN-G--RGE---W--TCIAYSQ--------------------------------------------------,305,513,0,2
3mvd_K,423,40,415,72,7,TRUST,TVLGNV-LVCGNGDVGQLG-L------GEDILER-KR--LSP--VAGI--PDAV------DISAGGMHNLVL TKSGDI-YSFGCNDEGALG-R------DTSE-DG-SE--SKPDLID-L--PGKA----LC-ISAGDSHSACL LEDGRV-FAWGSFRDSHGN-M------GLTI-DG-NK--RTP--IDLM--EGTV----CCSIASGADHLVIL TTAGKV-FTVGCAEQGQLGRLSERSISGEGR-RG-KRDLLRP--TQLIITRAKP----FEAIWATNYCTFMR ESQTQVIWATGLNNFKQLA-H--------ET-KG-KEFALTP--IKTE--LKDI-----RHIAGGQHHTVIL TTDLKC-SVVGRPEYGRLG-L------GDVK-DV-VE---KPTIVKKL--TEKI----V-SVGCGEVCSYAV TIDGKL-YSWGSGVNNQLG-V------G----DGDDE--LEP--IVVV--SKNTQGKHMLLASGGGQHAIFL,39,414,1,1
3mwq_A,256,1,256,132,2,TREKS,KETAAAKFERQHMDSSTSAASSSNYCNQMMKSRNLTKDRCKPVNTFVHESLADVQAVCSQKNVACKNGQTNCYQSYSTMSITDCRETGSSKYPNCAYKTTQANKHIIVACEGNPYVPVHFDASVSGRSGRSG KETAAAKFERQHMDSSTSAASSSNYCNQMMKSRNLTKDRCKPVNTFVHESLADVQAVCSQKNVACKNGQTNCYQSYSTMSITDCRETGSSKYPNCAYKTTQANKHIIVACEGNPYVPVHFDASV--------,1,256,1,8
3n0k_A,150,64,111,24,2,TRUST,PVAPQEGKLFADLLGNMEDKKWIV THQPQHGENVFTVVNASTEHGWVV,64,111,0,2
3no0_A,276,38,276,56,5,TRUST,LFLVSNRGRV--YWIAGSQ----A---LQG-SKVSLK-SREEKIVGAFIREKFGNR LLLATKKGYV--KKIPLAEFE-YK---AQGMPIIKLT-EGDEVVSIASSVDE--TH ILLFTKKGRV--ARFSVREVP-PSTPGARGVQGIKLE-KNDETSGLRIWNGE--PY LLVITAKGRV--KKISHEEIP-KT---NRGVKGTEVSGTKDTLVDLIPIKEE--VE LLITTKNGKAFYDKINQKDIPLST---KKSIPRTRWKLEDDEIIKVVIKKSE----,531,769,1,1
3o5d_A,264,25,254,123,2,TRUST,QGEDITSKKDRGVLKIVKRVGNGEETPMIGDKVYVHYKGKLSNGKKFDSSHDRNEP-FVFSLGKGQ---VIKAWDIGVATMKKGEICHLLCKPEYAYGSAGSLPK--IPSNATLFFEIELLDF KGEDLF--EDGGIIRRTKRKGEGYSNPNEGATVEIHLEGR-CGGRMFDC---RD---VAFTVGEGEDHDIPIGIDKALEKMQREEQCILYLGPRYGFGEAGK-PKFGIEPNAELIYEVTLKSF,21,250,1,8
3o78_A,417,239,414,48,5,HHREPID,-----EGDTLVNRIELKGIGFKEDGNILGHKLE----YNTRDQLTEEQ ---IAEFKEAFSLFDKDGDGTITTKELGTVMRSLGQNP---------- --TEAELQDMINEVDADGNGTIDFPEFLTMMARK---MKD-------- TDSEEEIREAFRVFDKDGNGYISAAELRHVMTNLGEKL---------- --TDEEVDEMIREADIDGDGQVNYEEFVQMM-----------------,242,417,0,2
3ol3_A,107,35,90,22,3,TRUST,ALLALLKRS-----LTEDEVVR AAQAILRSTDGQSPVTDDDIRN AVHQIIEKE-----PTAEEINQ,31,86,0,2
3osf_A,126,10,106,49,2,HHREPID,KKQKFTPEEDEMLKRAVAQHGSDWKMIAATFPNRNARQCRDRWKNYLAP SHTPWTAEEDALLVQKIQEYGRQWAIIAKFFPGRTDIHIKNRWVTISN-,48,144,1,8
3p53_A,496,12,486,55,12,HHREPID,------------AV-----QIQFGLINC-GNKYLTAEAFG-FKVNASA------- SSLKKKQIWTLEQPPDEAGSAAVCLRSH-LGRYLAADKD--GNVTCERE------ -VPGPDCRFLIVAHD----DGRWSLQSEAHRRYFGGTE---DRLSCFAQ------ -TVSPAEKWSVHIAM----HPQVNIYSVTRKRYAHLSARPADEIAVDR-DV---- -PWGVDSLITLAFQ-----DQRYSVQTA-DH,9,483,1,1
3p7o_A,1019,293,330,14,3,TRUST,FQEEHLKQLYKIVP IKD--IRNLYVTFP IPD--LQQYYKSNP,293,330,0,2
3pmr_A,219,64,206,43,4,TRUST,KADRQALNEHFQSILQTLEEQVSGERQRL-VETHATRVIALIN DQRRAAL-EGFLAALQADPPQ--AERVLLALRRY-LRA---EQ KEQRHTL-RHYQHVAAVDPEK--AQQMRFQVHTH-LQV---IE ERVNQSL-----GLLDQNPHL--AQELRPQIQEL-LH------,406,548,0,2
3pyw_A,203,3,179,64,3,HHREPID,---KTFPDVPADHWGIDSINYLVEKGAVKGNDKGMFEPGKELTRAEAATMMAQILNLP-IDKDA --KPSFADSQ-GQWYTPFIAAVEKAGVIKGTGN-GFEPNGKIDRVSMASLLVEAYKLD-TKVNG TPATKFKDLETLNWGKEKANILVELGISVGTGD-QWEPKKTVTKAEAAQFIAKTDKQFG-----,3,179,0,2
3rgc_A,252,25,56,16,2,TRUST,KIDRNKALGVLINEKM EISQMKQLGIVVNDLE,45,76,0,2
3sei_A,149,4,140,70,2,HHREPID,TREGKSSEAVSQWLTAFQLQLYAPNFISAGYD-LPTISRMTPEDLTAIGVTKPGHRKKIAAEISGLSIPD WLPEHKPANLAVWLSMIGLAQYYKVLVDNGYENIDFITDITWEDLQEIGITKLGHQKKLMLAVRKLAE--,1,137,1,8
3sfv_B,344,5,337,164,3,TRUST,KLERQGKDL-EDKYKTYEENLEGF--EKLLTDSEELSLSEINE-KMKAFSKDSEKLTQLMEKHKGDEKTVQSLQREHHDIKAKLANLQVLHDAHTGKKSYVNEKGNPVSSLKDAHLAINKDQE----------------VVEHKGQFYLLQKGQ-WDAIKNDPA ALEKAQKDYSQSKHDLATIKMEALI-HKLSLEMEK-QLETINDLIMSTDPKENEEATKLLHKHNG--------------LNLKLANLQDMLAVHRKEKSFFNEKGEKVTSLNDAHYVIGKDQQLFNLGGKFYPIHKEQKILEKDGKFYLLKQGEDWESIKDSPE KQKKAEHDFHKLQYET-PMTVKKLVHHNKGLETTI-HKERIEEL------------------------------------------------------------------------------------------------------------------------,228,560,1,12
3son_A,149,67,105,13,3,TRUST,YSLDSHASIPNFH FSFNKPYVVPEYC FAIDLTSCSYQVT,66,104,0,2
3tbn_A,87,16,85,36,2,HHREPID,QKAPYPVTVEAGKTYHWCACGRSKAQPFCDGSHKGT GLAPVAYTPDKAGTAYFCGCKASKAPPLCDGTHK--,8,77,1,1
3tiq_A,214,5,192,74,3,TRUST,ELEKKVEEIPFKKERKFNPDLAPGTEKVTREGQKGEKTITTPTLKNPLTGVIISKGEPKEEITKDPINELTEYG ----------PGHRDEFDPKL-P-------TGEK-EEVPGKPGIKNPETGDVV----------RPPVDSVTKYG K-----EEIPFEKERKFNPDLAPGTEKVTREGQKGEKTITTPTLKNPLTGEIISKGESKEEITKDPINELTEYG,420,607,1,7
3u2m_A,115,31,84,20,3,TRUST,PTPEQQQDMAQFIHLFSKFY PSEESAEDLRKRL---ARNH PDTRTRAAFTQWL---CHLH,121,174,0,2
3ux4_A,201,148,162,8,2,TRUST,WAIIWL-A WGVLWLTA,142,156,1,4
3uz0_A,133,53,98,13,4,TRUST,KSEAYDK-MTALS EVEGTEKQLETLI KTQGYE---DALV NAEG-DK-INITV,138,183,0,2
3vdz_A,111,4,53,36,2,TRUST,YIDTDNDGSIDGDEL--------------------- YIDTDNDGSIDGDELLAMQIFVKTLTG-KTITLEVE,69,118,0,2
3vn3_A,223,162,216,19,3,TRUST,GGAQAKNIIWVVAGAVNIE VGAKFEGTI-LAKTAVTFK TGSSLNGRI-LAQTSVALQ,163,217,1,1
3zux_A,332,121,233,30,4,TRUST,VMTYLARGNVALSVAVTSVSTLTSPLLTPA IFLMLA-GEMLEIQAAGMLMSIVKMVLLPI VLGLIV-HKVLGSKTE-KLTDAL-PLVSVA AIVLII-GAVVGA-SKGKIMESG-LLIFAV,116,228,1,1
3zx6_A,341,56,76,7,3,TRUST,DVRNGAN AIYSGAS EIATGNN,56,76,1,4
4agf_A,286,67,109,15,3,TRUST,DFLSALVRYGI-IAF TLIAALGRVGV-QTA SVIAVLGAAGLAVGL,67,109,0,2
4amc_A,1049,902,1025,28,6,HHREPID,--------EKKQGNEGFVKGN-D----- GNYYFYDLAGNMVKNTFIEDS-V----- GNWYFFDQDGKMVENKHFVD--VDSYGE KGTYFFLKNGVSFRGGLVQTD------- NGTYYFDNYGKMVRNQTINAGA------ -MIYTLDENGKLIKASYNSD--------,1640,1763,0,2
4aog_A,80,2,77,39,2,TRUST,PAAMERQVPY-TPCSGLYGTAQCCATDVLGVADLDCANP PATLANATHFESTCAAIGQRARCCVLPILG-QDILCQTP,2,77,0,2
4ap4_A,133,7,131,65,2,HHREPID,TVSCPICMDGYSEIVQNGRLIVSTECGHVFCSQCLRDSLKNANTCPTCRKKINHKRYHPIYIGSG TVSCPICMDGYSEIVQNGRLIVSTECGHVFCSQCLRDSLKNANTCPTCRKKINHKRYHPI-----,133,257,1,9
4aps_A,491,329,344,8,2,TRUST,PLFIMLYT PFFAWLWT,329,344,1,4
4aqb_A,361,3,327,178,2,TRUST,VEL-NNMF----GQIQSPGYPDSYPSDSEVTWNITVPDGFRIKLYFMH-FNLES--SYLCEYDYVKVETEDQVLATFCGRETTDTEQTPGQEVVLSPGSFMSITFRSDFSNEERFTGFDAHYMAVDVDEC----KERED--EELSCDHYCHNYIGGYYCSCRFGYILHTDN---RTCR VECSDNLFTQRTGVITSPDFPNPYPKSSECLYTIELEEGFMVNLQFEDIFDIEDHPEVPCPYDYIKIKVGPKVLGPFCG------EKAP-EPISTQSHSVL-ILFHSDNSGENR--GWRLSYRAAG-NECPELQPPVHGKIEPSQAKYFFKDQV---LVSCDTGYKVLKDNVEMDTFQ,22,346,1,1
4ash_A,185,69,121,27,2,TRUST,DIPAMVLENGCQEGV-VASVLVKRASG EMLALAVRMGSQAAIKIGSAVVHGQTG,67,119,0,2
4bd9_B,165,4,165,63,3,HHREPID,CDLPADRGQCTAYIPQWFFAKTTEDCEKFVYGGCQGNANRFETKDDCIANCGCNL-------- ---PSKVGPCRVSARMWFHNPETEKCEVFIYGGCHGNANRFATETECQEVC----DRYQKPGF CYQPSETGPCKGSFPRYYYDYEDGECKEFIYGGCEGNANNFETKESCENAC------------,4,165,1,1
4dgq_A,280,79,120,21,2,TRUST,YADDAAAVVEKLGTHGAMHVG HSTGGGEVVRYIARHGERNVS,75,116,1,1
4dh2_B,82,6,74,36,2,HHREPID,#NOM?,6,74,0,2
4dk0_A,369,69,155,17,10,HHREPID,INTLNTR---------- KAALASY---------- QAQLVARKTAYDVA--- LSNYQRLSKLYGQKATS LDTLNTA---------- KATLNNA---------- KAEMDVV---------- QENIKQA---------- EIEVNTA---------- ETNLGYT----------,94,180,1,4
4dni_A,257,5,244,124,2,TRUST,QAPQYHLDVAPNAPEEGEVAAHWRCVNHCVMLGVVQNIQEGFVFEDKVLQFTL-ITDFEGPSPGDP---DKDFHTVRVFDSDYSSRVKEQLRDGEWFLVTGRLRMVPQYDGSMRKYYHYPVIQV HPGCGS--VLKVKLASG--AGHMKSVNSVTLVGVVHDIQSGFVYEDAVTQFTLTTTSIDTTHPTQEVVVEKDHHTIRCFGELFSAEVKQKVKEGNVVCVNGRLRLSPQLEPSCNKHFYFPYIQV,19,258,1,8
4dnu_A,372,7,369,54,7,TRUST,KVLIISAGASHSVAL-LSG-DIVCSWGRGEDGQLGHGDAEDRPSPTQLSALDGH QIVSVTCGADHTVAYSQSGMEVY-SWGWGDFGRLGHGNSSDLFTPLPIKALHGI RIKQIACGDSHCLAVTMEG-EVQ-SWGRNQNGQLGLGDTEDSLVPQKIQAFEGI RIKMVAAGAEHTAAVTEDG-DLY-GWGWGRYGNLGLGDRTDRLVPERVTSTGGE KMSMVACGWRHTISVSYSG-ALY-TYGWSKYGQLGHGDLEDHLIPHKLEALSNS FISQISGGARHTMALTSDG-KLY-GWGWNKFGQVGVGNNLDQCSPVQVRFPDDQ KVVQVSCGWRHTLAVTERN-NVF-AWGRGTNGQLGIGESVDRNFPKIIEALS--,16,378,1,1
4eqq_A,107,16,107,48,2,HHREPID,RTAVSKAKQYASTVHMSKEELRSQLVSFDKYSQDASDYAVENSGIDYN KQALEKAKQYQDTLSMSPDAIRDQLVSFDKFTQEEADYAVANLK----,51,142,1,9
4esy_B,170,16,158,62,3,TRUST,RQVP-----IRDILTSPVVTVREDDTLDAVAKTMLEHQIGCAPVVDQNGHLVGIITESDFLR GSIPFWIYEASEILSRAI--PAPE----------VEH------LF-ETG------------- RKLT-----ASAVMTQPVVTAAPEDSVGSIADQMRRHGIHRIPVV-QDGVPVGIVTRRDLLK,311,454,1,7
4f2f_A,100,13,44,11,3,TRUST,GIQKIRIQAEK GYHPAHIQLQK GI-PAEITFHR,12,43,0,2
4f54_A,197,108,124,6,3,TREKS,WGYPGY WG-PSY WGNWGG,127,143,0,2
4f5v_A,584,1,576,208,3,TRUST,EAHK---SEI-AHRFNDVGEEHFIGLVLITFSQYLQKCPYEEHAKLVKEVTDLAKACV--ADESAANCDKSLHDIFGDKICALPSLRDT--YGDVADCCEKKEPERNECF-LHHKDDKP-DLPPFAR---PEADVLCKAFHDDEKAFFGHYLYEVARRHPYFYAPELLY-YAQKYKAILTECCEAADKGACLTP---KLDALKEKALI SAAQ---ERLRCASIQKFGDRAYKAWALVRLSQRFPKADFTDISKIVTDLTKVHKECC---HGDLLECADDRADLA-KYMC--E-HQET-ISSHLKECCDKPILEKAHCIYGLHNDETPAGLPAVAEEFVEDKDV-CKNYEEAKDLFLGKFLYEYSRRHPD-YSVVLLLRLGKAYEATLKKCCATDDPHACYAKVLDEF-----QPLV DEPKNLVKQN-CELYEQLGDYNFQNALLVRYTKKVPQVSTPTLVEISRSLGKVGSKCCKHPEAERLPCVEDYLSVVLNRLC--VLHEKTPVSEKVTKCCSESLVDRRPCFSALGPDETYVPKEFNAETFTFHADI-CTLPETERKIKKQTALVELVKHKPH-ATNDQLKTVVGEFTALLDKCCSAEDKEACFAV---EG-----PKLV,1,576,1,1
4fu4_A,368,187,358,54,4,HHREPID,------------------LDAITSL--RGETMIFKDRFFWRLHPQQ-----V-- DAELFLTKS-FWPELPNRIDAAYEHPSHDLIFIFRGRKFWALNGY------DIL EGYPKKISELGLPKEVKKISAAVHFEDTGKTLLFSGNQVWRYDDTNHIMD---- KDYPRLIEE-DFPGIGDKVDAVYEK--NGYIYFFNGPIQFEYSIWSNRIVR---,290,461,1,1
4fur_A,104,47,95,17,4,TRUST,VL-DGAREGK---TVEE VM-DGARSVL---KADD VM-DGVPDLLPLIQVEA VFSDGSR----------,43,91,0,2
4g9i_A,772,104,190,50,2,HHREPID,PDIAICDDCLRELFDPTNKRYMYPFIVCTNCGPRFTIIEDLPYDRENTTM KEFPMCDFCRSEYEDPLNRRYHAEPTACPVCGPSYRL-------------,104,190,0,2
4gym_A,149,12,93,29,3,TRUST,FVNLPVAD-VAASQAFFGT--LGFEFNPK FTDESCACMVVSEQAFVML--IDRARFAD FTSKPIADATATTEAIVCVSAIDRDDVDR,9,90,0,2
4hjj_L,327,1,326,119,3,TRUST,DIVMTQSPDSLAVSLGERATINCKASQSVSNDVAWYQQKPGQPPKLLIYYASNRYTGVPDRFSGSGSGTDFTLTISSLEAEDVAVYYCQ---QDYNSPW-T--FGGGTKVEIKRTVAAP EIVMTQSPATLSVSPGERATLSCRASESISSNLAWYQQKPGQAPRLFIYTASTRATDIPARFSGSGSGTEFTLTISSLQSEDFAVYYCQ---QYNNWPSIT--FGQGTRLEIKRTVAAP SVFIF-PPSDEQLKSG-TASVVCLLN-NFYPREAKVQWKVDNA----LQSGNSQESVTEQDSKDSTYSLSSTLTLSKADYEKHKVYACEVTHQGLSSPV-TKSFNRG------------,1,326,1,1
4hl0_A,278,4,270,141,2,TRUST,ETN--------YPVPYRSKLT-EPFEPGQTLIIKGKTAEDSVRFTINLHNTSADFSGNDVPLHISVRFDEGKIVFNTFSKGEWGKEERK-SNPYKKGDDIDIRIRAHDSKFSISVDQKEVKEYEHRVPLSSVTHFSVDGDI LITYIHWGGKYYPVPYESGLAGDGLAPGKSLLIFATPEKKGKRFHINLLKK----NG-DIALHFNPRFDEKAIVRNSLISGEWGNEEREGKNPLEKGIGCDLEFRNEEYAFQIYVDGERFATYAHRLDPHDINGLQIGGDV,4,270,1,9
4hre_A,339,26,335,86,4,TRUST,SVKPYTNFDAE-R--DALNI----ETAVKTKGVDEVTIVNILTNRSNVQRQDIAFAYQRRTKKELPSALKSALSGHLETVILGLLK TP---AQYDAS-ELKASMKGLGT----------DEDSLIEIICSRTNQELQEINRVYKEMYKTDLEKDIISDTSGDFRKLMVALAK GRRAEDGSVIDYELIDQ-DARELYDAGVKRKGTDVPKWISIMTERSVCHLQKVFERYKSYSPYDMLESIKKEVKGDLENAFLNLVQ CIQNKPLYFAD-RLYDSMKGKGTRD----------KVLIRIMVSRSEVDMLKIRSEFKRKYGKSLYYYIQQDTKGDYQKALLYLC-,26,335,1,1
4hrl_A,171,12,168,35,5,HHREPID,--SDLGKKLLEAARAGQDDEVRILMANGADVNA-- HDFYGITPLHLAANFGHLEIVEVLLKHGADVNAFD ---YDNTPLHLAADAGHLEIVEVLLKYGADVNA-- SDRDGHTPLHLAAREGHLEIVEVLLKNGADVNA-- QDKFGKTPFDLAIDNGNEDIAEVLQKAA-------,12,168,1,12
4hyn_A,202,11,187,103,2,TRUST,M-------------------IGEIGNIAMGSAATTLSMILGRDIHITVPTVREEKMKNVKSDF-----SGEQVVVSVEYTEGLEGLNVLVLDKKLVAVI-ADL MMGGSGEVETEELDEIKLSAVGEAMNQMMGSAATSLSELLGITINISPPKVEILNFDDPNTQFPPVTDNPEKDVAVVEFEMEIEGLP----KSKFYQVISADL,32,208,1,9
4hzd_A,282,15,150,71,2,TRUST,QVDPIW-HSIRAEAEEATRNDPVLGAFLYATILNQPSLEEAVMHRIAERL---GHPDVSADILRQTFDTML EANPEWSHVLRVDIQAVYDRDPAYSRFM-DPVLYLKGFHAIQTHRLAHWLYKQGRKDF-AYYLQSRSSSIF,15,150,1,1
4i0x_B,103,13,82,7,10,HHREPID,LDHIEQV TSRARGF KEFVTEN LDQLESR AQKLVQS GQWAGAA AAAYSQA HKEWMDA ARELVEG LSQMEEA,13,82,1,1
4i9e_A,383,101,314,42,6,HHREPID,---LEYYFNFFRGMYELDQREYLSAIKFFKKAESKLIFVK-- DRIEKAEFFFKMSESYYYMKQTYFSMDYARQAYEIYKEHEAY -NIRLLQCHSLFATNFLDLKQYEDAISHFQKAYSMAEAEK-- QPQLMGRTLYNIGLCKNSQSQYEDAIPYFKRAIAVFEESN-- ILPSLPQAYFLITQIHYKLGKIDKAHEYHSKGMAYSQKAG-- DVIYLSEFEFLKSLYL------------------------,99,312,1,1
4ihg_A,348,57,103,17,3,TRUST,HLGLCQASAVV--MTQD DLPFAKSAALV--VKNP YLTYARMAQILDTTPQP,50,96,0,2
4ilo_A,257,11,152,23,18,HHREPID,ILAIQEL---------------- DIKMIRL---------------- MRVKKEH---------------- QNELAKI---------------- QALKTDI---------------- RRKVEEK---------------- EQEMEKL---------------- KDQIKGG---------------- EKRIQEI---------------- SDQINKLENQQAAVKKMDEFNAL TQEMTAA---------------- NKERRTL---------------- EHQLSDL---------------- MDKQAGS---------------- EDLLISL---------------- KESLSST---------------- ENSSSAI---------------- EEEIREN----------------,8,149,1,4
